"Date","Price","Open","High","Low","Vol.","Change %"
"07/31/2026","0.40","0.17","0.40","0.17","12.13K","0.00%"
"07/30/2026","0.40","0.40","0.40","0.31","25.06K","0.00%"
"07/29/2026","0.40","0.17","0.40","0.17","1.64K","-2.44%"
"07/28/2026","0.41","0.17","0.41","0.17","0.73K","2.50%"
"07/24/2026","0.40","0.15","0.42","0.15","0.87K","14.29%"
"07/23/2026","0.35","0.15","0.42","0.15","1.84K","-18.60%"
"07/22/2026","0.43","0.16","0.44","0.16","5.22K","0.00%"
"07/20/2026","0.43","0.16","0.43","0.15","11.89K","0.00%"
"07/17/2026","0.43","0.15","0.44","0.15","14.52K","0.00%"
"07/16/2026","0.43","0.40","0.43","0.40","1.28K","0.00%"
"07/15/2026","0.43","0.44","0.44","0.43","0.23K","-8.51%"
"07/14/2026","0.47","0.15","0.47","0.15","1.20K","0.00%"
"07/13/2026","0.47","0.15","0.47","0.15","20.54K","0.00%"
"07/10/2026","0.47","0.15","0.47","0.15","0.67K","0.00%"
"07/09/2026","0.47","0.15","0.47","0.15","2.43K","34.29%"
"07/08/2026","0.35","0.30","0.35","0.30","3.62K","0.00%"
"07/07/2026","0.35","0.34","0.36","0.15","97.41K","4.48%"
"07/06/2026","0.34","0.34","0.34","0.34","2.29K","0.00%"
"07/02/2026","0.34","0.34","0.34","0.34","2.05K","-23.86%"
"07/01/2026","0.44","0.34","0.44","0.34","2.69K","-2.22%"
"06/30/2026","0.45","0.45","0.45","0.45","0.16K","0.00%"
"06/26/2026","0.45","0.40","0.49","0.10","2.23K","12.39%"
"06/25/2026","0.40","0.34","0.48","0.34","100.07K","-11.12%"
"06/24/2026","0.45","0.40","0.45","0.34","70.11K","0.00%"
"06/23/2026","0.45","0.45","0.45","0.45","0.46K","-8.14%"
"06/22/2026","0.49","0.49","0.49","0.49","0.30K","0.00%"
"06/18/2026","0.49","0.34","0.49","0.34","1.30K","0.00%"
"06/17/2026","0.49","0.32","0.49","0.32","2.63K","0.00%"
"06/16/2026","0.49","0.32","0.50","0.32","30.84K","40.00%"
"06/15/2026","0.35","0.32","0.55","0.32","28.85K","-27.08%"
"06/12/2026","0.48","0.47","0.58","0.32","1.91M","2.13%"
"06/11/2026","0.47","0.32","0.50","0.32","682.90K","-6.00%"
"06/09/2026","0.50","0.32","0.50","0.32","21.46K","11.11%"
"06/08/2026","0.45","0.46","0.46","0.45","1.33K","2.27%"
"06/05/2026","0.44","0.42","0.50","0.40","55.03K","-2.22%"
"06/04/2026","0.45","0.38","0.47","0.32","667.78K","18.42%"
"06/03/2026","0.38","0.32","0.47","0.32","41.37K","-19.15%"
"06/02/2026","0.47","0.35","0.47","0.35","3.50K","-6.00%"
"06/01/2026","0.50","0.32","0.50","0.32","13.78K","0.00%"
"05/29/2026","0.50","0.40","0.54","0.35","25.57K","25.00%"
"05/28/2026","0.40","0.38","0.50","0.25","46.03K","-20.00%"
"05/27/2026","0.50","0.40","0.54","0.40","23.08K","-7.41%"
"05/26/2026","0.54","0.40","0.60","0.40","75.49K","-1.82%"
"05/22/2026","0.55","0.43","0.55","0.43","0.87K","-1.79%"
"05/21/2026","0.56","0.43","0.56","0.43","8.20K","0.00%"
"05/20/2026","0.56","0.41","0.59","0.41","16.53K","-5.08%"
"05/19/2026","0.59","0.40","0.59","0.40","0.70K","5.36%"
"05/18/2026","0.56","0.40","0.59","0.40","13.93K","-5.08%"
"05/15/2026","0.59","0.59","0.59","0.59","1.82K","1.72%"
"05/14/2026","0.58","0.40","0.59","0.40","4.41K","-3.33%"
"05/13/2026","0.60","0.58","0.60","0.58","2.83K","1.69%"
"05/12/2026","0.59","0.60","0.63","0.50","5.36K","-3.28%"
"05/11/2026","0.61","0.56","0.64","0.52","21.45K","-6.15%"
"05/08/2026","0.65","0.56","0.65","0.56","0.84K","0.00%"
"05/07/2026","0.65","0.60","0.65","0.60","2.71K","0.00%"
"05/06/2026","0.65","0.56","0.65","0.56","5.41K","-2.99%"
"05/05/2026","0.67","0.67","0.67","0.56","2.57K","-1.47%"
"05/04/2026","0.68","0.68","0.68","0.52","3.22K","-2.86%"
"05/01/2026","0.70","0.56","0.70","0.56","7.46K","2.94%"
"04/29/2026","0.68","0.55","0.68","0.55","8.34K","0.00%"
"04/28/2026","0.68","0.53","0.68","0.53","2.12K","0.00%"
"04/27/2026","0.68","0.68","0.68","0.52","3.47K","0.00%"
"04/24/2026","0.68","0.61","0.68","0.61","4.85K","-5.56%"
"04/21/2026","0.72","0.75","0.75","0.70","0.93K","0.00%"
"04/17/2026","0.72","0.52","0.72","0.52","2.06K","0.00%"
"04/15/2026","0.72","0.53","0.72","0.53","8.81K","0.00%"
"04/14/2026","0.72","0.58","0.75","0.58","3.06K","0.00%"
"04/09/2026","0.72","0.75","0.75","0.72","5.14K","-4.00%"
"04/08/2026","0.75","0.55","0.75","0.55","6.00K","4.17%"
"04/07/2026","0.72","0.60","0.72","0.58","3.74K","0.00%"
"04/06/2026","0.72","0.72","0.72","0.52","18.50K","2.86%"
"04/02/2026","0.70","0.73","0.73","0.59","54.09K","7.69%"
"04/01/2026","0.65","0.65","0.65","0.61","13.51K","0.00%"
"03/31/2026","0.65","0.52","0.65","0.52","16.10K","0.00%"
"03/30/2026","0.65","0.65","0.72","0.65","31.54K","0.00%"
"03/27/2026","0.65","0.60","0.65","0.55","186.36K","8.33%"
"03/26/2026","0.60","0.60","0.63","0.60","5.91K","-7.69%"
"03/25/2026","0.65","0.65","0.65","0.65","3.06K","0.00%"
"03/24/2026","0.65","0.60","0.65","0.60","5.37K","0.00%"
"03/23/2026","0.65","0.55","0.65","0.55","1.62K","-4.41%"
"03/19/2026","0.68","0.56","0.70","0.56","4.92K","-5.56%"
"03/18/2026","0.72","0.55","0.72","0.55","8.12K","0.00%"
"03/17/2026","0.72","0.55","0.72","0.55","3.22K","0.00%"
"03/16/2026","0.72","0.72","0.72","0.55","2.41K","-4.00%"
"03/13/2026","0.75","0.90","0.90","0.75","9.95K","0.00%"
"03/12/2026","0.75","0.60","0.75","0.60","73.91K","15.37%"
"03/11/2026","0.65","0.75","0.75","0.60","253.68K","25.00%"
"03/10/2026","0.52","0.52","0.52","0.52","0.73K","-23.53%"
"03/09/2026","0.68","0.52","0.68","0.52","0.44K","4.62%"
"03/06/2026","0.65","0.68","0.75","0.65","11.57K","-4.41%"
"03/05/2026","0.68","0.68","0.68","0.68","1.03K","0.00%"
"03/04/2026","0.68","0.53","0.68","0.53","32.15K","0.00%"
"03/03/2026","0.68","0.50","0.75","0.50","5.56K","-2.86%"
"03/02/2026","0.70","0.65","0.75","0.65","18.11K","-6.67%"
"02/27/2026","0.75","0.65","0.75","0.53","26.64K","0.00%"
"02/26/2026","0.75","0.65","0.75","0.65","16.01K","0.00%"
"02/25/2026","0.75","0.65","0.75","0.65","3.52K","0.00%"
"02/24/2026","0.75","0.65","0.75","0.53","3.03K","0.00%"
"02/23/2026","0.75","0.75","0.75","0.75","0.50K","0.00%"
"02/20/2026","0.75","0.65","0.75","0.65","76.32K","0.00%"
"02/19/2026","0.75","0.80","0.80","0.70","7.71K","0.00%"
"02/18/2026","0.75","0.75","0.75","0.75","15.46K","-6.25%"
"02/17/2026","0.80","0.65","0.80","0.65","109.56K","0.00%"
"02/13/2026","0.80","0.80","0.80","0.65","3.26K","0.00%"
"02/12/2026","0.80","0.65","0.90","0.65","32.45K","-11.11%"
"02/11/2026","0.90","0.65","0.90","0.65","24.83K","-4.26%"
"02/09/2026","0.94","0.80","0.94","0.78","156.98K","-1.04%"
"02/06/2026","0.95","0.80","0.95","0.80","23.46K","0.00%"
"02/05/2026","0.95","0.80","0.95","0.80","0.76K","0.00%"
"02/04/2026","0.95","0.80","0.96","0.80","11.05K","0.00%"
"02/02/2026","0.95","0.81","1.00","0.81","2.37K","0.00%"
"01/30/2026","0.95","0.80","1.17","0.80","411.12K","5.56%"
"01/29/2026","0.90","1.00","1.00","0.80","42.80K","-5.26%"
"01/28/2026","0.95","1.00","1.00","0.80","6.49K","-5.00%"
"01/27/2026","1.00","1.00","1.00","0.80","17.36K","0.00%"
"01/26/2026","1.00","1.00","1.00","1.00","6.23K","0.00%"
"01/23/2026","1.00","0.80","1.12","0.80","172.42K","0.00%"
"01/22/2026","1.00","0.81","1.00","0.80","36.12K","5.26%"
"01/21/2026","0.95","0.80","1.00","0.80","6.03K","-5.94%"
"01/20/2026","1.01","1.00","1.02","0.80","11.00K","-0.98%"
"01/16/2026","1.02","1.00","1.05","0.80","13.74K","-2.86%"
"01/15/2026","1.05","1.00","1.05","1.00","4.14K","0.00%"
"01/14/2026","1.05","1.00","1.05","1.00","6.34K","0.00%"
"01/13/2026","1.05","0.80","1.10","0.80","10.50K","-3.67%"
"01/12/2026","1.09","0.80","1.10","0.80","23.55K","-0.91%"
"01/09/2026","1.10","1.10","1.10","0.80","11.69K","0.00%"
"01/08/2026","1.10","1.00","1.10","1.00","1.54K","0.00%"
"01/07/2026","1.10","1.10","1.20","0.80","504.14K","-8.33%"
"01/06/2026","1.20","0.85","1.20","0.81","3.26K","0.00%"
"01/05/2026","1.20","1.20","1.20","0.80","15.41K","0.00%"
"01/02/2026","1.20","1.20","1.20","1.02","4.14K","19.40%"
"12/31/2025","1.00","0.85","1.35","0.80","64.38K","-12.61%"
"12/30/2025","1.15","1.20","1.30","0.80","225.76K","-4.17%"
"12/29/2025","1.20","0.60","1.20","0.60","14.67K","0.00%"
"12/26/2025","1.20","1.00","1.35","1.00","28.93K","-11.11%"
"12/24/2025","1.35","1.06","1.35","0.63","11.77K","0.00%"
"12/23/2025","1.35","0.50","1.40","0.50","56.87K","3.85%"
"12/22/2025","1.30","0.52","1.50","0.52","111.00K","-7.14%"
"12/19/2025","1.40","0.50","1.50","0.50","106.30K","-5.41%"
"12/18/2025","1.48","1.27","1.50","0.50","709.40K","2.07%"
"12/17/2025","1.45","1.15","1.48","1.15","143.60K","16.00%"
"12/16/2025","1.25","0.75","1.25","0.75","262.02K","13.64%"
"12/15/2025","1.10","0.18","1.20","0.18","5.52K","0.00%"
"12/12/2025","1.10","1.01","1.10","0.01","131.15K","1.85%"
"12/11/2025","1.08","1.12","1.12","1.01","158.31K","-3.57%"
"12/10/2025","1.12","1.01","1.40","1.00","105.08K","-14.50%"
"12/09/2025","1.31","0.78","1.31","0.78","689.87K","55.95%"
"12/08/2025","0.84","0.77","0.87","0.61","564.97K","7.69%"
"12/05/2025","0.78","0.75","0.81","0.61","524.92K","2.63%"
"12/04/2025","0.76","0.66","0.77","0.66","1.19M","13.43%"
"12/03/2025","0.67","0.62","0.68","0.60","720.56K","8.06%"
"12/02/2025","0.62","0.40","0.70","0.40","304.51K","-2.36%"
"12/01/2025","0.63","0.36","0.63","0.36","2.81K","0.00%"
"11/28/2025","0.63","0.40","0.63","0.40","2.13K","0.00%"
"11/25/2025","0.64","0.35","0.64","0.35","7.78K","1.51%"
"11/24/2025","0.63","0.35","0.63","0.35","1.92K","-1.56%"
"11/21/2025","0.64","0.40","0.64","0.40","0.64K","0.00%"
"11/20/2025","0.64","0.60","0.64","0.35","44.71K","16.36%"
"11/19/2025","0.55","0.60","0.60","0.35","6.35K","-8.33%"
"11/18/2025","0.60","0.40","0.60","0.35","5.76K","-7.69%"
"11/17/2025","0.65","0.40","0.65","0.40","2.48K","0.00%"
"11/13/2025","0.65","0.65","0.68","0.65","700.01K","8.33%"
"11/12/2025","0.60","0.40","0.60","0.40","1.16K","0.00%"
"11/11/2025","0.60","0.70","0.74","0.60","803.77K","0.00%"
"11/10/2025","0.60","0.65","0.75","0.53","428.83K","-7.69%"
"11/07/2025","0.65","0.20","0.65","0.20","11.08K","1.56%"
"11/06/2025","0.64","0.64","0.65","0.64","18.45K","-1.54%"
"11/05/2025","0.65","0.56","0.75","0.55","168.46K","0.00%"
"11/04/2025","0.65","0.55","0.65","0.55","2.84K","0.00%"
"11/03/2025","0.65","0.55","0.65","0.55","7.49K","8.33%"
"10/31/2025","0.60","0.65","0.65","0.55","24.53K","-7.69%"
"10/30/2025","0.65","0.55","0.65","0.55","28.34K","0.00%"
"10/29/2025","0.65","0.55","0.65","0.55","5.55K","0.00%"
"10/28/2025","0.65","0.60","0.65","0.60","21.07K","0.00%"
"10/27/2025","0.65","0.55","0.65","0.55","2.20K","0.00%"
"10/23/2025","0.65","0.56","0.65","0.55","2.76K","-1.52%"
"10/21/2025","0.66","0.55","0.66","0.55","2.15K","1.54%"
"10/20/2025","0.65","0.55","0.65","0.55","0.80K","0.00%"
"10/17/2025","0.65","0.55","0.65","0.55","7.23K","0.00%"
"10/16/2025","0.65","0.55","0.65","0.55","11.24K","0.00%"
"10/15/2025","0.65","0.65","0.65","0.55","2.62K","0.00%"
"10/14/2025","0.65","0.66","0.66","0.55","37.90K","0.00%"
"10/13/2025","0.65","0.55","0.65","0.55","34.65K","0.00%"
"10/10/2025","0.65","0.55","0.68","0.55","6.12K","-1.52%"
"10/09/2025","0.66","0.61","0.67","0.61","1.78K","-2.94%"
"10/08/2025","0.68","0.60","0.68","0.55","2.55K","0.00%"
"10/07/2025","0.68","0.55","0.68","0.55","12.12K","4.62%"
"10/06/2025","0.65","0.55","0.65","0.55","2.68K","-4.41%"
"10/03/2025","0.68","0.55","0.68","0.55","0.65K","0.00%"
"10/02/2025","0.68","0.68","0.68","0.68","2.51K","0.00%"
"10/01/2025","0.68","0.68","0.68","0.50","105.23K","4.62%"
"09/30/2025","0.65","0.60","0.65","0.60","4.67K","-4.41%"
"09/29/2025","0.68","0.58","0.68","0.58","34.64K","-2.86%"
"09/26/2025","0.70","0.65","0.70","0.65","22.12K","16.67%"
"09/25/2025","0.60","0.70","0.70","0.60","2.30K","-7.69%"
"09/24/2025","0.65","0.69","0.69","0.60","32.22K","-5.80%"
"09/23/2025","0.69","0.60","0.70","0.60","36.49K","6.38%"
"09/22/2025","0.65","0.63","0.75","0.60","5.27K","-12.35%"
"09/19/2025","0.74","0.60","0.75","0.60","21.41K","5.71%"
"09/18/2025","0.70","0.75","0.75","0.68","55.17K","-6.67%"
"09/17/2025","0.75","0.62","0.95","0.60","482.17K","-2.60%"
"09/16/2025","0.77","0.75","0.84","0.57","592.79K","-3.75%"
"09/15/2025","0.80","0.55","0.90","0.55","308.00K","0.00%"
"09/12/2025","0.80","0.47","0.90","0.47","931.57K","6.67%"
"09/11/2025","0.75","0.70","0.75","0.70","88.13K","7.14%"
"09/10/2025","0.70","0.62","0.71","0.62","8.95K","16.67%"
"09/09/2025","0.60","0.47","0.60","0.47","271.60K","9.09%"
"09/08/2025","0.55","0.47","0.55","0.47","30.80K","0.00%"
"09/05/2025","0.55","0.55","0.55","0.47","9.65K","0.00%"
"09/04/2025","0.55","0.47","0.55","0.47","37.40K","17.02%"
"09/03/2025","0.47","0.47","0.55","0.47","11.03K","-14.55%"
"08/29/2025","0.55","0.50","0.55","0.01","8.32K","0.00%"
"08/28/2025","0.55","0.55","0.55","0.47","16.91K","14.58%"
"08/27/2025","0.48","0.47","0.54","0.47","0.65K","-5.88%"
"08/26/2025","0.51","0.52","0.52","0.47","6.78K","-1.92%"
"08/25/2025","0.52","0.47","0.52","0.47","9.70K","0.00%"
"08/22/2025","0.52","0.52","0.52","0.01","4.11K","0.00%"
"08/21/2025","0.52","0.47","0.52","0.47","25.10K","-1.89%"
"08/20/2025","0.53","0.50","0.55","0.50","74.76K","-3.64%"
"08/19/2025","0.55","0.50","0.55","0.50","6.30K","0.00%"
"08/18/2025","0.55","0.50","0.55","0.50","11.45K","0.00%"
"08/15/2025","0.55","0.51","0.55","0.51","22.06K","0.00%"
"08/14/2025","0.55","0.55","0.55","0.50","8.70K","10.00%"
"08/13/2025","0.50","0.50","0.55","0.50","6.95K","-9.09%"
"08/12/2025","0.55","0.55","0.55","0.55","4.00K","0.00%"
"08/11/2025","0.55","0.50","0.55","0.50","40.42K","0.00%"
"08/08/2025","0.55","0.50","0.58","0.50","23.81K","0.00%"
"08/07/2025","0.55","0.50","0.58","0.50","11.24K","-5.17%"
"08/06/2025","0.58","0.50","0.58","0.50","50.35K","0.00%"
"08/05/2025","0.58","0.50","0.58","0.50","3.16K","0.00%"
"08/01/2025","0.58","0.50","0.58","0.50","8.18K","0.00%"
"07/31/2025","0.58","0.50","0.58","0.50","13.87K","0.00%"
"07/30/2025","0.58","0.50","0.61","0.50","61.19K","5.45%"
"07/29/2025","0.55","0.55","0.55","0.50","2.66K","-5.17%"
"07/28/2025","0.58","0.47","0.58","0.47","1.58K","0.00%"
"07/25/2025","0.58","0.52","0.58","0.47","182.03K","-1.69%"
"07/24/2025","0.59","0.60","0.60","0.52","3.19K","1.72%"
"07/23/2025","0.58","0.52","0.60","0.52","5.69K","3.57%"
"07/22/2025","0.56","0.60","0.60","0.52","7.13K","-5.08%"
"07/21/2025","0.59","0.50","0.60","0.50","7.56K","-1.67%"
"07/18/2025","0.60","0.60","0.75","0.50","18.00K","-20.00%"
"07/17/2025","0.75","0.40","0.75","0.40","738.85K","0.00%"
"07/16/2025","0.75","0.52","0.75","0.50","187.09K","0.00%"
"07/15/2025","0.75","0.50","0.78","0.50","2.18K","-4.46%"
"07/14/2025","0.79","0.50","0.80","0.50","63.68K","15.44%"
"07/11/2025","0.68","0.01","0.80","0.01","20.06K","0.00%"
"07/10/2025","0.68","0.60","0.68","0.55","72.30K","0.00%"
"07/09/2025","0.68","0.60","0.69","0.60","6.45K","-4.23%"
"07/08/2025","0.71","0.60","0.72","0.60","113.23K","-2.07%"
"07/03/2025","0.73","0.61","0.73","0.61","10.51K","0.00%"
"07/01/2025","0.73","0.65","0.75","0.65","8.00K","-3.33%"
"06/30/2025","0.75","0.60","0.75","0.60","2.94K","-1.32%"
"06/27/2025","0.76","0.60","0.77","0.60","4.39K","-1.94%"
"06/26/2025","0.77","0.77","0.77","0.60","11.75K","0.00%"
"06/25/2025","0.77","0.62","0.77","0.62","12.67K","0.00%"
"06/24/2025","0.77","0.60","0.77","0.60","11.90K","0.00%"
"06/23/2025","0.78","0.79","0.79","0.71","17.69K","-1.27%"
"06/20/2025","0.79","0.60","0.80","0.60","38.15K","-1.25%"
"06/18/2025","0.80","0.75","0.80","0.73","21.07K","0.00%"
"06/17/2025","0.80","0.60","0.84","0.60","8.46K","-5.88%"
"06/16/2025","0.85","0.62","0.85","0.60","44.25K","0.00%"
"06/13/2025","0.85","0.65","0.85","0.65","17.44K","0.00%"
"06/12/2025","0.85","0.65","0.85","0.60","38.34K","0.00%"
"06/11/2025","0.85","0.65","0.85","0.65","1.77K","0.00%"
"06/10/2025","0.85","0.60","0.90","0.60","35.30K","0.00%"
"06/09/2025","0.85","0.54","0.85","0.54","17.68K","0.00%"
"06/06/2025","0.85","0.80","0.85","0.75","10.97K","0.00%"
"06/05/2025","0.85","0.50","0.85","0.50","31.53K","1.19%"
"06/04/2025","0.84","0.50","0.85","0.50","158.63K","12.00%"
"06/03/2025","0.75","0.69","0.75","0.69","6.94K","4.90%"
"06/02/2025","0.71","0.70","0.77","0.65","78.57K","2.14%"
"05/30/2025","0.70","0.62","0.75","0.50","246.13K","1.45%"
"05/29/2025","0.69","0.58","0.75","0.58","401.18K","18.97%"
"05/28/2025","0.58","0.50","0.58","0.50","31.57K","5.45%"
"05/27/2025","0.55","0.37","0.58","0.37","246.21K","-5.17%"
"05/23/2025","0.58","0.32","0.67","0.32","87.78K","13.73%"
"05/22/2025","0.51","0.51","0.54","0.51","32.65K","-5.56%"
"05/21/2025","0.54","0.50","0.54","0.50","18.69K","0.00%"
"05/20/2025","0.54","0.53","0.58","0.50","480.51K","1.89%"
"05/19/2025","0.53","0.58","0.58","0.53","149.41K","-8.62%"
"05/16/2025","0.58","0.58","0.58","0.52","9.19K","13.73%"
"05/15/2025","0.51","0.59","0.59","0.51","44.93K","-15.00%"
"05/14/2025","0.60","0.55","0.62","0.55","90.58K","-6.25%"
"05/13/2025","0.64","0.61","0.64","0.55","43.29K","-5.88%"
"05/12/2025","0.68","0.60","0.68","0.60","2.15K","4.62%"
"05/09/2025","0.65","0.61","0.65","0.61","2.14K","-4.41%"
"05/08/2025","0.68","0.60","0.68","0.60","12.71K","-2.86%"
"05/07/2025","0.70","0.62","0.70","0.60","90.52K","0.00%"
"05/06/2025","0.70","0.70","0.70","0.62","4.01K","-2.78%"
"05/05/2025","0.72","0.74","0.74","0.62","3.14K","4.35%"
"05/02/2025","0.69","0.70","0.73","0.65","53.60K","-4.17%"
"05/01/2025","0.72","0.65","0.75","0.65","14.98K","-4.00%"
"04/30/2025","0.75","0.75","0.75","0.75","5.16K","0.00%"
"04/29/2025","0.75","0.75","0.75","0.66","10.26K","0.00%"
"04/28/2025","0.75","0.75","0.75","0.75","7.51K","0.00%"
"04/25/2025","0.75","0.77","0.77","0.63","144.39K","-2.60%"
"04/24/2025","0.77","0.68","0.77","0.68","46.73K","0.00%"
"04/23/2025","0.77","0.66","0.80","0.66","51.14K","0.00%"
"04/22/2025","0.77","0.77","0.77","0.67","45.42K","0.00%"
"04/21/2025","0.77","0.73","0.80","0.65","63.54K","6.90%"
"04/17/2025","0.73","0.65","0.80","0.65","4.26K","-9.37%"
"04/16/2025","0.80","0.75","0.80","0.65","6.54K","0.00%"
"04/15/2025","0.80","0.73","0.80","0.66","52.89K","6.67%"
"04/14/2025","0.75","0.65","0.80","0.65","17.06K","-6.25%"
"04/11/2025","0.80","0.65","0.80","0.65","12.26K","0.00%"
"04/10/2025","0.80","0.65","0.80","0.65","11.16K","0.00%"
"04/09/2025","0.80","0.80","0.80","0.80","7.06K","0.00%"
"04/08/2025","0.80","0.75","0.80","0.68","81.95K","0.00%"
"04/07/2025","0.80","0.80","0.80","0.45","303.81K","0.00%"
"04/04/2025","0.80","0.80","0.95","0.80","98.18K","-15.79%"
"04/03/2025","0.95","0.90","0.95","0.90","3.72K","-2.06%"
"04/02/2025","0.97","0.82","0.97","0.82","0.71K","0.00%"
"04/01/2025","0.97","0.95","0.97","0.94","4.11K","-1.02%"
"03/31/2025","0.98","0.80","1.00","0.80","7.36K","3.16%"
"03/28/2025","0.95","0.80","1.00","0.80","15.10K","-3.06%"
"03/27/2025","0.98","0.95","1.00","0.80","21.73K","3.16%"
"03/26/2025","0.95","0.82","1.00","0.82","15.75K","-5.00%"
"03/25/2025","1.00","1.00","1.00","0.85","12.33K","0.00%"
"03/24/2025","1.00","0.99","1.00","0.86","2.46K","0.00%"
"03/21/2025","1.00","0.87","1.02","0.87","6.88K","5.26%"
"03/20/2025","0.95","0.80","1.00","0.80","8.45K","-1.04%"
"03/19/2025","0.96","0.86","0.99","0.86","50.67K","12.28%"
"03/18/2025","0.86","0.72","0.93","0.72","14.84K","-8.06%"
"03/17/2025","0.93","0.94","0.94","0.93","11.63K","-1.06%"
"03/14/2025","0.94","0.80","0.95","0.80","24.85K","10.59%"
"03/13/2025","0.85","0.85","1.00","0.85","33.22K","-15.00%"
"03/12/2025","1.00","0.86","1.00","0.86","863.21K","0.00%"
"03/11/2025","1.00","0.86","1.00","0.86","1.40K","0.00%"
"03/10/2025","1.00","0.85","1.00","0.85","0.62K","0.00%"
"03/07/2025","1.00","0.72","1.05","0.72","29.23K","-6.54%"
"03/06/2025","1.07","0.70","1.10","0.70","146.72K","-2.73%"
"03/05/2025","1.10","1.01","1.10","0.72","56.43K","-3.51%"
"03/04/2025","1.14","1.00","1.19","1.00","9.46K","-0.87%"
"03/03/2025","1.15","1.15","1.15","1.15","3.88K","0.00%"
"02/28/2025","1.15","1.06","1.15","1.06","8.13K","0.00%"
"02/27/2025","1.15","1.15","1.20","1.10","22.32K","0.00%"
"02/26/2025","1.15","1.15","1.15","1.10","8.93K","0.00%"
"02/25/2025","1.15","0.72","1.15","0.72","13.93K","0.00%"
"02/24/2025","1.15","0.52","1.15","0.52","2.81K","0.00%"
"02/21/2025","1.15","1.01","1.15","1.01","23.53K","0.00%"
"02/20/2025","1.15","1.00","1.15","1.00","40.35K","0.00%"
"02/19/2025","1.15","0.35","1.20","0.35","42.85K","-3.36%"
"02/18/2025","1.19","0.90","1.19","0.02","26.38K","3.48%"
"02/14/2025","1.15","0.72","1.15","0.72","7.01K","9.52%"
"02/13/2025","1.05","1.05","1.20","1.05","51.05K","0.96%"
"02/12/2025","1.04","1.05","1.20","1.02","7.36K","-13.33%"
"02/11/2025","1.20","1.20","1.20","1.12","26.59K","3.45%"
"02/10/2025","1.16","1.20","1.25","0.96","332.43K","-5.69%"
"02/07/2025","1.23","0.88","1.24","0.88","6.97K","2.50%"
"02/06/2025","1.20","1.11","1.20","1.11","25.43K","0.00%"
"02/05/2025","1.20","1.11","1.25","1.11","117.25K","-4.00%"
"02/04/2025","1.25","1.11","1.25","1.11","102.81K","-3.85%"
"02/03/2025","1.30","0.51","1.30","0.51","121.51K","5.69%"
"01/31/2025","1.23","0.32","1.35","0.32","48.19K","0.00%"
"01/30/2025","1.23","1.35","1.35","1.20","42.86K","-8.89%"
"01/29/2025","1.35","1.35","1.35","1.35","0.67K","8.00%"
"01/28/2025","1.25","1.20","1.30","1.20","552.19K","1.63%"
"01/27/2025","1.23","1.20","1.23","1.20","4.38K","-1.60%"
"01/24/2025","1.25","1.25","1.35","1.25","7.04K","-3.85%"
"01/23/2025","1.30","1.25","1.35","1.20","5.75K","0.00%"
"01/22/2025","1.30","1.20","1.32","1.20","535.11K","8.33%"
"01/21/2025","1.20","1.20","1.20","1.20","3.03K","-4.00%"
"01/17/2025","1.25","1.30","1.30","1.21","13.92K","-3.85%"
"01/16/2025","1.30","1.23","1.30","1.20","170.16K","6.56%"
"01/15/2025","1.22","1.20","1.22","1.20","12.18K","1.67%"
"01/14/2025","1.20","1.22","1.22","1.20","18.09K","0.00%"
"01/13/2025","1.20","1.20","1.20","1.20","6.22K","-2.44%"
"01/10/2025","1.23","1.25","1.25","1.20","52.96K","0.82%"
"01/08/2025","1.22","1.23","1.23","1.21","18.72K","-0.81%"
"01/07/2025","1.23","1.22","1.23","1.22","27.36K","0.82%"
"01/06/2025","1.22","1.23","1.25","1.21","23.07K","-0.81%"
"01/03/2025","1.23","1.20","1.24","1.20","29.01K","1.65%"
"01/02/2025","1.21","1.21","1.40","1.21","2.74K","-11.68%"
"12/31/2024","1.37","1.20","1.37","1.19","277.85K","5.38%"
"12/30/2024","1.30","1.20","1.30","1.20","96.47K","6.56%"
"12/27/2024","1.22","1.20","1.23","1.20","18.59K","-9.62%"
"12/26/2024","1.35","1.22","1.35","1.20","129.69K","9.75%"
"12/24/2024","1.23","1.21","1.23","1.21","103.89K","-1.20%"
"12/23/2024","1.25","1.21","1.25","1.21","62.06K","0.00%"
"12/20/2024","1.25","1.20","1.25","1.20","57.92K","0.00%"
"12/19/2024","1.25","1.28","1.35","1.21","97.49K","-7.41%"
"12/18/2024","1.35","1.20","1.37","1.20","91.63K","3.85%"
"12/17/2024","1.30","1.23","1.30","1.21","48.65K","4.00%"
"12/16/2024","1.25","1.23","1.45","1.22","560.72K","-7.41%"
"12/13/2024","1.35","1.59","1.60","1.26","102.74K","-12.90%"
"12/12/2024","1.55","1.50","1.59","1.05","75.21K","-2.52%"
"12/11/2024","1.59","1.50","1.67","1.50","21.32K","0.95%"
"12/10/2024","1.58","1.65","1.68","1.50","23.80K","5.00%"
"12/09/2024","1.50","1.50","1.70","0.02","17.24K","-6.25%"
"12/06/2024","1.60","1.50","1.69","1.50","96.43K","-5.88%"
"12/05/2024","1.70","1.50","1.70","1.50","49.64K","0.00%"
"12/04/2024","1.70","1.40","1.75","1.40","158.63K","3.03%"
"12/03/2024","1.65","1.50","1.65","1.35","134.22K","10.00%"
"12/02/2024","1.50","1.24","1.50","1.24","198.76K","21.95%"
"11/29/2024","1.23","1.15","1.34","1.12","96.11K","2.50%"
"11/27/2024","1.20","1.25","1.30","1.20","100.88K","-4.00%"
"11/26/2024","1.25","1.22","1.25","1.18","144.83K","0.81%"
"11/25/2024","1.24","1.24","1.25","1.22","23.45K","0.00%"
"11/22/2024","1.24","1.21","1.25","1.20","46.79K","3.33%"
"11/21/2024","1.20","1.20","1.25","1.20","314.59K","-4.00%"
"11/20/2024","1.25","1.22","1.29","1.20","8.58K","-3.85%"
"11/19/2024","1.30","1.22","1.30","1.20","23.68K","0.78%"
"11/18/2024","1.29","1.25","1.33","0.85","1.28M","-2.27%"
"11/15/2024","1.32","1.27","1.36","0.02","97.62K","3.13%"
"11/14/2024","1.28","1.36","1.36","1.27","80.76K","-5.88%"
"11/13/2024","1.36","1.26","1.38","1.20","20.76K","-1.45%"
"11/12/2024","1.38","1.40","1.40","1.28","12.86K","-1.43%"
"11/11/2024","1.40","1.28","1.40","1.26","110.96K","7.69%"
"11/08/2024","1.30","1.25","1.50","1.25","5.81K","-13.33%"
"11/07/2024","1.50","1.40","1.50","1.05","38.10K","0.00%"
"11/06/2024","1.50","1.35","1.50","1.35","138.23K","13.64%"
"11/05/2024","1.32","1.20","1.35","1.20","19.25K","5.60%"
"11/04/2024","1.25","1.20","1.25","1.18","150.34K","0.00%"
"10/31/2024","1.25","1.25","1.35","1.20","85.82K","-3.85%"
"10/30/2024","1.30","1.21","1.40","1.20","446.87K","-3.70%"
"10/29/2024","1.35","1.35","1.50","1.35","103.32K","-10.00%"
"10/28/2024","1.50","1.39","1.50","1.35","42.44K","-2.60%"
"10/25/2024","1.54","1.70","1.70","1.36","25.88K","0.00%"
"10/24/2024","1.54","1.70","1.70","1.17","94.98K","-7.23%"
"10/23/2024","1.66","1.68","1.68","1.50","35.65K","0.61%"
"10/22/2024","1.65","1.27","1.70","1.27","28.07K","-2.94%"
"10/21/2024","1.70","1.10","1.75","1.10","52.23K","0.00%"
"10/18/2024","1.70","1.75","1.75","1.65","5.33K","-2.86%"
"10/17/2024","1.75","1.65","1.75","1.60","13.78K","-2.23%"
"10/16/2024","1.79","1.65","1.80","1.65","10.64K","-0.56%"
"10/15/2024","1.80","1.65","1.80","1.65","13.26K","2.86%"
"10/14/2024","1.75","1.65","1.85","1.65","125.14K","-2.78%"
"10/11/2024","1.80","1.65","1.80","1.65","3.47K","0.00%"
"10/10/2024","1.80","1.70","1.80","1.65","64.63K","0.00%"
"10/09/2024","1.80","1.80","1.85","1.75","74.64K","-1.64%"
"10/08/2024","1.83","1.90","1.98","1.80","63.76K","-3.68%"
"10/07/2024","1.90","1.85","2.00","1.84","28.52K","-4.04%"
"10/04/2024","1.98","2.00","2.00","1.80","11.35K","-0.50%"
"10/03/2024","1.99","1.85","2.00","1.85","10.40K","-0.50%"
"10/02/2024","2.00","1.85","2.00","1.85","17.47K","2.56%"
"10/01/2024","1.95","1.90","2.00","1.85","70.57K","-2.50%"
"09/30/2024","2.00","1.90","2.03","1.90","16.10K","0.50%"
"09/27/2024","1.99","1.90","2.00","1.90","139.50K","0.00%"
"09/26/2024","1.99","1.90","2.10","1.90","119.18K","-2.93%"
"09/25/2024","2.05","1.90","2.09","1.90","13.46K","0.00%"
"09/24/2024","2.05","1.90","2.10","1.90","11.66K","-2.38%"
"09/23/2024","2.10","1.32","2.20","1.32","30.34K","0.00%"
"09/20/2024","2.10","2.10","2.10","2.10","0.70K","0.00%"
"09/19/2024","2.10","2.10","2.25","2.00","60.79K","-6.67%"
"09/18/2024","2.25","1.80","2.25","1.80","242.03K","4.65%"
"09/17/2024","2.15","2.05","2.20","2.05","5.30K","-2.27%"
"09/16/2024","2.20","2.20","2.20","2.08","129.06K","1.38%"
"09/13/2024","2.17","2.06","2.20","2.06","78.57K","3.33%"
"09/12/2024","2.10","1.20","2.20","1.20","184.55K","5.00%"
"09/11/2024","2.00","2.00","2.25","1.85","507.88K","5.26%"
"09/10/2024","1.90","1.95","1.95","1.85","88.62K","0.00%"
"09/09/2024","1.90","1.95","2.00","1.78","103.83K","1.06%"
"09/06/2024","1.88","1.80","1.88","1.72","184.73K","0.00%"
"09/05/2024","1.88","1.85","1.88","1.72","47.45K","0.00%"
"09/04/2024","1.88","1.80","1.90","1.70","73.25K","-1.05%"
"09/03/2024","1.90","1.75","1.90","1.16","53.88K","0.00%"
"08/30/2024","1.90","1.90","1.90","1.50","42.96K","0.00%"
"08/29/2024","1.90","1.80","1.90","1.80","65.50K","0.00%"
"08/28/2024","1.90","1.85","1.95","1.80","54.56K","2.70%"
"08/27/2024","1.85","2.00","2.00","1.85","5.78K","-2.63%"
"08/26/2024","1.90","1.88","1.90","1.84","18.46K","1.06%"
"08/23/2024","1.88","1.10","1.90","1.10","9.81K","1.62%"
"08/22/2024","1.85","1.75","2.10","1.75","153.67K","-0.54%"
"08/21/2024","1.86","1.85","2.00","1.85","12.75K","-7.00%"
"08/20/2024","2.00","1.15","2.18","1.15","66.46K","-2.44%"
"08/19/2024","2.05","1.30","2.20","1.30","210.83K","-4.65%"
"08/16/2024","2.15","2.20","2.20","2.00","270.91K","0.00%"
"08/15/2024","2.15","1.80","2.20","1.50","377.07K","22.86%"
"08/14/2024","1.75","1.40","1.80","1.12","99.24K","-2.78%"
"08/13/2024","1.80","1.84","1.87","1.70","187.96K","-2.70%"
"08/12/2024","1.85","1.88","1.95","1.85","50.44K","-5.13%"
"08/09/2024","1.95","2.00","2.00","1.20","28.63K","-2.50%"
"08/08/2024","2.00","1.95","2.05","1.95","102.14K","-2.44%"
"08/07/2024","2.05","1.95","2.05","1.95","55.68K","0.00%"
"08/06/2024","2.05","1.90","2.08","1.90","124.67K","2.50%"
"08/05/2024","2.00","2.00","2.20","1.90","253.19K","-10.31%"
"08/02/2024","2.23","2.29","2.29","2.15","23.32K","-3.04%"
"08/01/2024","2.30","2.25","2.38","2.20","54.39K","-2.54%"
"07/31/2024","2.36","2.25","2.40","2.25","142.22K","2.61%"
"07/30/2024","2.30","2.25","2.37","2.15","207.02K","-2.13%"
"07/29/2024","2.35","2.28","2.38","2.25","249.23K","-1.67%"
"07/26/2024","2.39","2.40","2.40","2.10","24.73K","0.00%"
"07/25/2024","2.39","2.10","2.39","2.10","22.30K","-0.42%"
"07/24/2024","2.40","2.10","2.40","2.10","20.04K","0.00%"
"07/23/2024","2.40","2.30","2.40","2.25","25.45K","4.35%"
"07/22/2024","2.30","2.10","2.30","2.10","27.27K","0.00%"
"07/19/2024","2.30","2.10","2.40","2.10","39.95K","2.22%"
"07/18/2024","2.25","2.25","2.29","2.20","45.86K","-2.17%"
"07/17/2024","2.30","2.30","2.35","2.20","28.30K","-2.13%"
"07/16/2024","2.35","2.40","2.48","1.75","124.40K","-5.24%"
"07/15/2024","2.48","1.75","2.48","1.75","270.38K","10.22%"
"07/12/2024","2.25","2.01","2.40","2.01","144.91K","9.76%"
"07/11/2024","2.05","2.00","2.40","1.98","287.93K","5.13%"
"07/10/2024","1.95","1.85","1.95","1.85","34.87K","0.00%"
"07/09/2024","1.95","1.83","1.95","1.80","2.38M","-2.50%"
"07/08/2024","2.00","1.80","2.00","1.80","27.75K","0.00%"
"07/05/2024","2.00","1.80","2.00","1.80","0.78K","0.00%"
"07/03/2024","2.00","1.10","2.01","1.10","64.63K","-1.48%"
"07/02/2024","2.03","1.80","2.05","1.80","16.93K","-0.98%"
"07/01/2024","2.05","1.90","2.10","1.90","44.82K","-6.39%"
"06/28/2024","2.19","2.19","2.19","1.90","24.96K","4.78%"
"06/27/2024","2.09","2.09","2.09","1.84","6.27K","0.00%"
"06/26/2024","2.09","1.85","2.10","1.85","50.41K","4.50%"
"06/25/2024","2.00","1.85","2.00","1.85","10.28K","-2.44%"
"06/24/2024","2.05","1.90","2.05","1.02","59.25K","0.00%"
"06/21/2024","2.05","1.95","2.05","1.84","34.03K","2.50%"
"06/20/2024","2.00","1.95","2.00","1.85","155.06K","1.01%"
"06/18/2024","1.98","2.08","2.08","0.76","44.20K","-4.81%"
"06/17/2024","2.08","2.00","2.30","1.95","99.65K","-0.48%"
"06/14/2024","2.09","2.00","2.40","1.95","146.98K","5.03%"
"06/13/2024","1.99","1.90","2.30","1.80","194.71K","-2.93%"
"06/12/2024","2.05","2.00","2.40","1.95","1.48M","-2.38%"
"06/11/2024","2.10","2.00","2.10","1.85","161.97K","0.00%"
"06/10/2024","2.10","2.10","2.40","2.05","1.63M","-8.30%"
"06/07/2024","2.29","2.10","2.40","2.10","10.72K","-0.43%"
"06/06/2024","2.30","2.27","2.40","1.70","741.09K","-4.17%"
"06/05/2024","2.40","2.40","2.40","2.25","52.01K","0.00%"
"06/04/2024","2.40","2.25","3.00","2.01","773.33K","-7.69%"
"06/03/2024","2.60","2.27","3.00","2.23","16.40K","6.12%"
"05/31/2024","2.45","3.17","3.75","2.07","2.61M","-36.53%"
"05/30/2024","3.86","3.50","3.86","3.50","89.80K","0.00%"
"05/29/2024","3.86","3.00","3.88","3.00","217.72K","-1.53%"
"05/28/2024","3.92","4.00","4.00","3.70","324.49K","-3.21%"
"05/24/2024","4.05","3.15","4.10","3.15","635.84K","3.85%"
"05/23/2024","3.90","3.06","3.95","3.06","103.34K","3.31%"
"05/22/2024","3.78","3.25","3.99","3.00","305.49K","-0.66%"
"05/21/2024","3.80","2.41","3.95","2.41","1.80M","16.92%"
"05/20/2024","3.25","3.00","3.25","3.00","33.81K","-2.99%"
"05/17/2024","3.35","3.15","3.35","3.01","188.16K","7.37%"
"05/16/2024","3.12","2.66","3.45","2.66","104.29K","-8.24%"
"05/15/2024","3.40","3.49","3.59","2.41","255.98K","-1.45%"
"05/14/2024","3.45","3.26","3.45","3.20","194.93K","2.99%"
"05/13/2024","3.35","3.20","3.50","3.20","280.47K","4.69%"
"05/10/2024","3.20","3.10","3.40","3.10","540.73K","0.00%"
"05/09/2024","3.20","2.40","3.25","2.40","4.56K","-2.74%"
"05/08/2024","3.29","3.00","3.30","2.79","77.76K","2.81%"
"05/07/2024","3.20","3.25","3.40","2.65","343.63K","-3.03%"
"05/06/2024","3.30","3.00","3.30","2.60","138.30K","1.54%"
"05/03/2024","3.25","3.00","3.30","2.51","111.98K","0.31%"
"05/02/2024","3.24","3.00","3.33","3.00","308.96K","4.52%"
"05/01/2024","3.10","3.00","3.20","2.75","462.38K","0.00%"
"04/30/2024","3.10","2.80","3.40","2.80","102.70K","-6.34%"
"04/29/2024","3.31","3.00","3.50","2.76","23.77K","-1.19%"
"04/26/2024","3.35","3.35","3.50","2.76","79.10K","0.00%"
"04/25/2024","3.35","3.25","3.40","3.25","27.34K","-2.90%"
"04/24/2024","3.45","3.05","3.50","3.03","321.38K","5.34%"
"04/23/2024","3.28","3.45","3.45","3.25","271.86K","-6.43%"
"04/22/2024","3.50","3.55","3.55","3.25","252.37K","-2.51%"
"04/19/2024","3.59","3.45","3.59","2.50","282.12K","4.06%"
"04/18/2024","3.45","3.30","3.50","3.00","882.52K","4.55%"
"04/17/2024","3.30","2.88","3.35","2.75","493.65K","4.76%"
"04/16/2024","3.15","3.20","3.25","2.80","149.96K","-3.08%"
"04/15/2024","3.25","2.00","3.39","2.00","117.38K","-7.67%"
"04/12/2024","3.52","3.30","3.60","3.30","700.47K","6.67%"
"04/11/2024","3.30","3.30","3.50","2.05","352.55K","-0.60%"
"04/10/2024","3.32","3.00","3.40","3.00","167.20K","-2.35%"
"04/09/2024","3.40","3.01","3.45","3.01","439.51K","4.62%"
"04/08/2024","3.25","3.17","3.35","3.05","524.21K","2.20%"
"04/05/2024","3.18","3.05","3.33","2.93","453.91K","4.26%"
"04/04/2024","3.05","2.75","3.15","2.70","843.41K","19.61%"
"04/03/2024","2.55","2.07","3.24","2.07","1.58M","10.87%"
"04/02/2024","2.30","2.30","2.30","2.00","118.14K","0.00%"
"04/01/2024","2.30","2.29","2.40","1.50","125.31K","0.00%"
"03/28/2024","2.30","2.40","2.43","1.81","96.65K","-4.17%"
"03/27/2024","2.40","2.25","2.43","1.81","253.37K","4.35%"
"03/26/2024","2.30","2.14","2.40","2.14","753.42K","7.48%"
"03/25/2024","2.14","2.00","2.15","1.65","363.56K","1.90%"
"03/22/2024","2.10","2.10","2.15","1.70","686.24K","0.00%"
"03/21/2024","2.10","1.50","2.15","1.50","385.59K","0.00%"
"03/20/2024","2.10","2.00","2.10","1.70","410.11K","2.44%"
"03/19/2024","2.05","1.99","2.10","1.65","553.77K","0.74%"
"03/18/2024","2.04","2.00","2.10","2.00","78.31K","-0.73%"
"03/15/2024","2.05","1.75","2.10","1.75","498.66K","7.89%"
"03/14/2024","1.90","1.36","1.95","1.36","903.12K","5.26%"
"03/13/2024","1.80","1.30","1.97","1.30","397.57K","3.14%"
"03/12/2024","1.75","1.30","1.80","1.30","118.55K","0.57%"
"03/11/2024","1.74","1.30","1.80","1.30","319.31K","0.00%"
"03/08/2024","1.74","1.50","1.80","1.50","88.30K","15.67%"
"03/07/2024","1.50","1.30","1.81","1.30","2.10M","-23.08%"
"03/06/2024","1.95","1.90","2.05","1.30","3.81M","-4.88%"
"03/05/2024","2.05","1.90","2.05","1.90","464.94K","0.00%"
"03/04/2024","2.05","2.00","2.05","1.99","478.83K","2.50%"
"03/01/2024","2.00","1.25","2.00","1.25","209.18K","0.00%"
"02/29/2024","2.00","1.21","2.10","1.21","248.22K","0.00%"
"02/28/2024","2.00","2.00","2.05","1.98","468.84K","0.50%"
"02/27/2024","1.99","2.01","2.10","1.99","368.44K","-5.24%"
"02/26/2024","2.10","2.00","2.10","1.99","516.89K","5.00%"
"02/23/2024","2.00","2.00","2.10","1.96","600.83K","-4.76%"
"02/22/2024","2.10","2.05","2.50","1.65","566.16K","-10.64%"
"02/21/2024","2.35","2.00","2.35","1.65","624.11K","17.21%"
"02/20/2024","2.01","1.61","2.13","1.10","833.53K","0.25%"
"02/16/2024","2.00","1.70","2.05","1.55","1.96M","25.00%"
"02/15/2024","1.60","1.45","1.60","1.45","154.11K","14.29%"
"02/14/2024","1.40","0.90","1.55","0.90","131.86K","12.90%"
"02/13/2024","1.24","1.00","1.27","1.00","175.38K","21.57%"
"02/12/2024","1.02","1.10","1.10","0.98","69.25K","12.09%"
"02/09/2024","0.91","0.95","1.10","0.51","340.12K","-9.00%"
"02/08/2024","1.00","1.00","1.01","0.82","38.81K","-0.99%"
"02/07/2024","1.01","0.50","1.10","0.50","768.32K","-8.18%"
"02/06/2024","1.10","0.50","1.19","0.30","312.05K","-8.33%"
"02/05/2024","1.20","1.30","1.40","1.15","40.81K","-7.69%"
"02/02/2024","1.30","0.05","1.35","0.05","414.87K","0.00%"
"02/01/2024","1.30","1.10","1.40","1.10","907.72K","-13.33%"
"01/31/2024","1.50","1.38","1.56","0.05","552.54K","-9.09%"
"01/30/2024","1.65","1.76","1.80","1.56","162.16K","-5.71%"
"01/29/2024","1.75","1.65","1.95","1.55","262.30K","-2.78%"
"01/26/2024","1.80","1.75","1.89","1.61","133.54K","0.00%"
"01/25/2024","1.80","1.26","1.90","1.26","69.04K","5.88%"
"01/24/2024","1.70","1.30","1.91","1.05","131.38K","9.68%"
"01/23/2024","1.55","1.45","1.70","1.34","1.22M","10.71%"
"01/22/2024","1.40","1.20","1.42","1.00","166.45K","7.69%"
"01/19/2024","1.30","1.13","1.30","1.13","135.37K","1.56%"
"01/18/2024","1.28","1.00","1.30","1.00","1.01M","-1.54%"
"01/17/2024","1.30","1.50","1.51","1.20","951.27K","-16.13%"
"01/16/2024","1.55","1.62","1.80","1.50","2.23M","-16.22%"
"01/12/2024","1.85","2.00","2.04","1.50","1.16M","-2.63%"
"01/11/2024","1.90","2.30","2.65","1.63","1.87M","-28.30%"
"01/10/2024","2.65","2.25","2.75","2.25","425.62K","6.00%"
"01/09/2024","2.50","1.63","2.60","1.63","2.72M","28.21%"
"01/08/2024","1.95","1.63","2.05","1.60","2.42M","5.41%"
"01/05/2024","1.85","1.85","2.00","1.70","583.20K","-5.13%"
"01/04/2024","1.95","1.63","2.00","1.60","3.89M","21.12%"
"01/03/2024","1.61","1.70","1.95","1.60","1.03M","-15.26%"
"01/02/2024","1.90","1.50","2.00","0.76","1.47M","18.68%"
"12/29/2023","1.60","2.00","2.00","0.10","4.48M","-13.46%"
"12/28/2023","1.85","0.95","1.88","0.95","2.40M","68.18%"
"12/27/2023","1.10","0.94","1.14","0.94","1.31M","22.21%"
"12/26/2023","0.90","0.75","1.05","0.75","1.81M","5.89%"
"12/22/2023","0.85","0.76","1.00","0.01","3.51M","13.33%"
"12/21/2023","0.75","0.60","0.95","0.50","5.28M","48.51%"
"12/20/2023","0.50","0.27","0.53","0.25","3.49M","87.04%"
"12/19/2023","0.27","0.01","0.28","0.01","1.99M","54.29%"
"12/18/2023","0.17","0.10","0.18","0.10","191.46K","-12.46%"
"12/15/2023","0.20","0.06","0.25","0.05","2.48M","149.88%"
"12/14/2023","0.08","0.05","0.14","0.03","1.19M","33.33%"
"12/13/2023","0.06","0.01","0.10","0.01","195.28K","96.72%"
"12/12/2023","0.03","0.03","0.08","0.03","35.83K","-56.43%"
"12/11/2023","0.07","0.07","0.07","0.07","54.40K","-12.50%"
"12/08/2023","0.08","0.08","0.08","0.08","45.61K","0.00%"
"12/07/2023","0.08","0.01","0.08","0.01","157.64K","77.78%"
"12/06/2023","0.05","0.02","0.08","0.02","298.06K","80.00%"
"12/05/2023","0.03","0.08","0.08","0.03","104.48K","-68.75%"
"12/04/2023","0.08","0.01","0.08","0.01","67.96K","33.33%"
"12/01/2023","0.06","0.02","0.10","0.02","351.34K","20.00%"
"11/30/2023","0.05","0.01","0.10","0.01","577.37K","150.00%"
"11/29/2023","0.02","0.01","0.02","0.01","124.54K","0.00%"
"11/28/2023","0.02","0.01","0.02","0.01","103.30K","0.00%"
"11/27/2023","0.02","0.01","0.02","0.01","46.06K","70.00%"
"11/24/2023","0.01","0.01","0.01","0.01","","-41.18%"
"11/22/2023","0.02","0.02","0.02","0.02","34.42K","0.00%"
"11/21/2023","0.02","0.01","0.02","0.01","34.44K","0.00%"
"11/20/2023","0.02","0.01","0.02","0.01","48.81K","0.00%"
"11/17/2023","0.02","0.02","0.02","0.01","42.53K","0.00%"
"11/16/2023","0.02","0.02","0.02","0.02","62.88K","0.00%"
"11/15/2023","0.02","0.01","0.02","0.01","17.22K","0.00%"
"11/14/2023","0.02","0.02","0.02","0.02","5.71K","0.00%"
"11/13/2023","0.02","0.02","0.02","0.02","20.88K","0.00%"
"11/10/2023","0.01","0.01","0.02","0.01","96.39K","163.89%"
"11/09/2023","0.01","0.01","0.01","0.01","6.25K","0.00%"
"11/08/2023","0.01","0.01","0.02","0.01","59.38K","-50.00%"
"11/07/2023","0.02","0.00","0.02","0.00","307.25K","0.00%"
"11/06/2023","0.02","0.01","0.02","0.01","72.88K","0.00%"
"11/03/2023","0.01","0.01","0.01","0.01","19.11K","0.00%"
"11/02/2023","0.02","0.01","0.02","0.01","52.95K","220.00%"
"11/01/2023","0.00","0.01","0.01","0.00","48.92K","-54.95%"
"10/31/2023","0.01","0.01","0.01","0.01","40.47K","85.00%"
"10/30/2023","0.01","0.01","0.01","0.01","6.15K","0.00%"
"10/27/2023","0.01","0.00","0.01","0.00","49.32K","0.00%"
"10/26/2023","0.01","0.01","0.01","0.01","12.45K","-76.33%"
"10/25/2023","0.03","0.02","0.03","0.02","8.81K","200.00%"
"10/23/2023","0.01","0.01","0.01","0.01","","0.00%"
"10/20/2023","0.00","0.01","0.01","0.00","39.63K","0.00%"
"10/19/2023","0.00","0.01","0.01","0.00","53.59K","-58.33%"
"10/18/2023","0.01","0.01","0.01","0.01","13.48K","0.00%"
"10/17/2023","0.01","0.01","0.01","0.01","27.15K","0.00%"
"10/16/2023","0.01","0.01","0.01","0.01","35.97K","0.00%"
"10/13/2023","0.01","0.01","0.01","0.01","13.56K","0.00%"
"10/12/2023","0.01","0.01","0.01","0.01","7.67K","0.00%"
"10/11/2023","0.01","0.00","0.02","0.00","61.16K","0.00%"
"10/10/2023","0.02","0.01","0.02","0.01","375.06K","54.55%"
"10/09/2023","0.01","0.01","0.02","0.01","48.14K","0.00%"
"10/06/2023","0.01","0.01","0.02","0.01","19.88K","-52.17%"
"10/05/2023","0.02","0.01","0.02","0.01","41.64K","0.00%"
"10/04/2023","0.02","0.01","0.02","0.01","8.77K","0.00%"
"10/03/2023","0.02","0.01","0.02","0.01","38.59K","0.00%"
"10/02/2023","0.02","0.01","0.02","0.01","4.34K","0.00%"
"09/29/2023","0.02","0.01","0.03","0.01","47.38K","0.00%"
"09/28/2023","0.03","0.01","0.03","0.01","15.62K","0.00%"
"09/27/2023","0.03","0.03","0.03","0.01","9.94K","-28.57%"
"09/26/2023","0.04","0.01","0.04","0.01","312.52K","105.88%"
"09/25/2023","0.02","0.04","0.04","0.01","324.75K","0.00%"
"09/22/2023","0.02","0.02","0.04","0.01","138.61K","-54.29%"
"09/21/2023","0.04","0.02","0.04","0.02","381.42K","0.00%"
"09/20/2023","0.04","0.03","0.05","0.02","288.21K","-22.22%"
"09/19/2023","0.05","0.05","0.05","0.03","2.28K","0.00%"
"09/18/2023","0.05","0.03","0.05","0.03","35.42K","0.00%"
"09/15/2023","0.05","0.03","0.05","0.03","11.04K","25.00%"
"09/14/2023","0.04","0.03","0.05","0.02","63.30K","53.85%"
"09/13/2023","0.03","0.04","0.05","0.03","371.90K","-48.00%"
"09/12/2023","0.05","0.02","0.05","0.02","47.71K","66.67%"
"09/11/2023","0.03","0.05","0.05","0.03","52.96K","-38.78%"
"09/08/2023","0.05","0.02","0.05","0.02","20.21K","63.33%"
"09/07/2023","0.03","0.02","0.05","0.02","10.80K","-40.00%"
"09/06/2023","0.05","0.04","0.05","0.02","22.11K","25.00%"
"09/05/2023","0.04","0.04","0.05","0.02","26.27K","-27.27%"
"09/01/2023","0.05","0.02","0.05","0.02","14.87K","0.00%"
"08/31/2023","0.05","0.05","0.06","0.02","132.75K","0.00%"
"08/30/2023","0.06","0.06","0.06","0.02","7.90K","0.00%"
"08/29/2023","0.06","0.03","0.08","0.02","53.00K","50.00%"
"08/28/2023","0.04","0.04","0.04","0.02","120.47K","0.00%"
"08/25/2023","0.04","0.03","0.09","0.03","5.81K","21.21%"
"08/24/2023","0.03","0.03","0.04","0.03","6.61K","0.00%"
"08/23/2023","0.03","0.03","0.03","0.03","9.52K","0.00%"
"08/22/2023","0.03","0.03","0.03","0.03","14.49K","0.00%"
"08/21/2023","0.03","0.03","0.04","0.03","11.84K","0.00%"
"08/18/2023","0.03","0.04","0.04","0.03","27.27K","0.00%"
"08/17/2023","0.03","0.03","0.04","0.03","11.79K","0.00%"
"08/16/2023","0.03","0.03","0.04","0.03","16.72K","0.00%"
"08/15/2023","0.03","0.03","0.11","0.03","101.56K","0.00%"
"08/14/2023","0.04","0.02","0.04","0.02","8.95K","16.67%"
"08/11/2023","0.03","0.03","0.04","0.02","94.65K","30.43%"
"08/10/2023","0.02","0.04","0.04","0.02","42.05K","-42.50%"
"08/09/2023","0.04","0.04","0.04","0.02","45.76K","0.00%"
"08/08/2023","0.04","0.03","0.04","0.03","77.88K","33.33%"
"08/07/2023","0.03","0.03","0.03","0.02","34.38K","-25.00%"
"08/04/2023","0.04","0.04","0.06","0.03","121.58K","-20.00%"
"08/03/2023","0.05","0.04","0.06","0.04","85.96K","21.95%"
"08/02/2023","0.04","0.05","0.05","0.04","77.87K","0.00%"
"08/01/2023","0.04","0.03","0.11","0.03","362.45K","-20.00%"
"07/31/2023","0.05","0.05","0.12","0.05","366.85K","-44.44%"
"07/28/2023","0.09","0.09","0.10","0.09","175.31K","-13.21%"
"07/27/2023","0.10","0.09","0.12","0.09","189.40K","22.00%"
"07/26/2023","0.09","0.11","0.12","0.09","266.08K","-36.57%"
"07/25/2023","0.13","0.10","0.14","0.09","97.73K","34.00%"
"07/24/2023","0.10","0.11","0.13","0.10","157.66K","-20.00%"
"07/21/2023","0.13","0.11","0.13","0.10","207.95K","15.74%"
"07/20/2023","0.11","0.13","0.14","0.10","312.75K","-12.48%"
"07/19/2023","0.12","0.12","0.14","0.10","350.99K","12.18%"
"07/18/2023","0.11","0.11","0.14","0.09","952.35K","-20.29%"
"07/17/2023","0.14","0.16","0.16","0.11","989.78K","-13.75%"
"07/14/2023","0.16","0.19","0.20","0.15","3.01M","-14.62%"
"07/13/2023","0.19","0.20","0.21","0.18","1.59M","-4.87%"
"07/12/2023","0.20","0.20","0.22","0.20","543.12K","-2.96%"
"07/11/2023","0.20","0.21","0.22","0.19","1.16M","-4.78%"
"07/10/2023","0.21","0.21","0.22","0.20","670.03K","0.00%"
"07/07/2023","0.21","0.21","0.22","0.20","999.00K","5.00%"
"07/06/2023","0.20","0.20","0.22","0.19","1.33M","0.00%"
"07/05/2023","0.20","0.20","0.21","0.19","2.09M","-3.03%"
"07/03/2023","0.20","0.21","0.22","0.20","664.11K","-4.19%"
"06/30/2023","0.21","0.24","0.26","0.19","3.60M","-12.50%"
"06/29/2023","0.24","0.22","0.30","0.21","9.71M","11.37%"
"06/28/2023","0.22","0.13","0.22","0.13","6.48M","61.79%"
"06/27/2023","0.13","0.14","0.14","0.13","706.01K","-4.86%"
"06/26/2023","0.14","0.14","0.14","0.14","447.72K","0.00%"
"06/23/2023","0.14","0.13","0.14","0.13","229.78K","4.33%"
"06/22/2023","0.13","0.14","0.14","0.13","1.07M","-5.23%"
"06/21/2023","0.14","0.14","0.14","0.14","582.91K","4.04%"
"06/20/2023","0.14","0.14","0.15","0.13","1.30M","0.00%"
"06/16/2023","0.13","0.14","0.15","0.13","1.47M","0.00%"
"06/15/2023","0.13","0.12","0.14","0.12","1.66M","9.17%"
"06/14/2023","0.12","0.13","0.13","0.12","530.50K","-4.76%"
"06/13/2023","0.13","0.12","0.14","0.12","1.09M","0.00%"
"06/12/2023","0.12","0.13","0.13","0.12","380.72K","-6.46%"
"06/09/2023","0.13","0.13","0.13","0.12","1.04M","8.33%"
"06/08/2023","0.12","0.13","0.13","0.11","920.69K","0.00%"
"06/07/2023","0.12","0.11","0.12","0.11","452.38K","4.80%"
"06/06/2023","0.11","0.12","0.12","0.10","509.00K","0.00%"
"06/05/2023","0.11","0.11","0.12","0.11","638.82K","0.00%"
"06/02/2023","0.11","0.12","0.13","0.10","2.25M","-9.92%"
"06/01/2023","0.12","0.12","0.13","0.12","913.77K","0.00%"
"05/31/2023","0.12","0.12","0.13","0.12","890.00K","-8.94%"
"05/30/2023","0.13","0.14","0.15","0.12","1.22M","0.00%"
"05/26/2023","0.13","0.13","0.14","0.13","945.22K","0.00%"
"05/25/2023","0.13","0.12","0.13","0.11","617.95K","5.61%"
"05/24/2023","0.12","0.13","0.13","0.11","1.13M","-8.82%"
"05/23/2023","0.13","0.12","0.14","0.12","1.47M","8.01%"
"05/22/2023","0.12","0.13","0.15","0.11","1.62M","-10.72%"
"05/19/2023","0.14","0.15","0.15","0.13","1.87M","-4.18%"
"05/18/2023","0.15","0.14","0.16","0.12","3.29M","6.57%"
"05/17/2023","0.14","0.13","0.14","0.12","2.63M","12.30%"
"05/16/2023","0.12","0.11","0.13","0.11","1.42M","0.00%"
"05/15/2023","0.12","0.12","0.13","0.11","984.68K","0.00%"
"05/12/2023","0.12","0.13","0.13","0.11","2.21M","-10.80%"
"05/11/2023","0.13","0.13","0.13","0.11","1.57M","0.00%"
"05/10/2023","0.13","0.13","0.14","0.11","3.83M","8.33%"
"05/09/2023","0.12","0.10","0.13","0.09","5.19M","25.52%"
"05/08/2023","0.10","0.09","0.10","0.09","2.43M","6.22%"
"05/05/2023","0.09","0.09","0.10","0.08","2.91M","12.50%"
"05/04/2023","0.08","0.09","0.12","0.07","3.80M","-11.01%"
"05/03/2023","0.09","0.07","0.09","0.07","3.89M","36.21%"
"05/02/2023","0.07","0.07","0.07","0.05","4.79M","-15.82%"
"05/01/2023","0.08","0.09","0.09","0.07","6.23M","-15.79%"
"04/28/2023","0.09","0.13","0.13","0.09","4.88M","-25.82%"
"04/27/2023","0.13","0.13","0.14","0.12","3.34M","0.00%"
"04/26/2023","0.13","0.13","0.13","0.12","3.76M","0.00%"
"04/25/2023","0.13","0.16","0.16","0.13","5.67M","-15.71%"
"04/24/2023","0.16","0.16","0.18","0.15","2.65M","0.00%"
"04/21/2023","0.16","0.17","0.17","0.15","2.79M","0.00%"
"04/20/2023","0.16","0.18","0.18","0.16","5.87M","-15.98%"
"04/19/2023","0.19","0.16","0.19","0.14","13.33M","26.01%"
"04/18/2023","0.15","0.17","0.17","0.15","1.67M","-7.27%"
"04/17/2023","0.17","0.17","0.17","0.15","4.04M","-3.51%"
"04/14/2023","0.17","0.16","0.18","0.16","7.18M","6.88%"
"04/13/2023","0.16","0.15","0.16","0.15","4.73M","6.60%"
"04/12/2023","0.15","0.14","0.15","0.14","5.73M","5.70%"
"04/11/2023","0.14","0.16","0.17","0.13","3.62M","-5.33%"
"04/10/2023","0.15","0.17","0.17","0.14","7.45M","-9.09%"
"04/06/2023","0.17","0.16","0.19","0.15","6.61M","3.97%"
"04/05/2023","0.16","0.17","0.18","0.15","4.79M","-5.54%"
"04/04/2023","0.17","0.18","0.19","0.15","12.19M","0.00%"
"04/03/2023","0.17","0.19","0.22","0.16","15.86M","-7.16%"
"03/31/2023","0.18","0.19","0.23","0.15","25.82M","-3.05%"
"03/30/2023","0.19","0.30","0.35","0.17","51.90M","-21.35%"
"03/29/2023","0.24","0.13","0.28","0.12","76.75M","84.62%"
"03/28/2023","0.13","0.41","0.60","0.09","83.64M","-99.81%"
"03/10/2023","70.00","75.03","90.67","61.37","21.71M","-22.87%"
"03/09/2023","90.76","95.90","100.30","90.33","8.56M","-12.18%"
"03/08/2023","103.35","104.65","105.47","101.83","2.19M","-1.47%"
"03/07/2023","104.89","109.83","111.24","104.76","1.65M","-5.41%"
"03/06/2023","110.89","111.65","114.53","110.68","1.59M","-2.47%"
"03/03/2023","113.70","110.50","114.35","109.38","1.49M","3.78%"
"03/02/2023","109.56","106.48","109.62","104.63","2.58M","-2.71%"
"03/01/2023","112.61","113.89","114.56","110.96","897.36K","-2.12%"
"02/28/2023","115.05","113.90","116.75","112.00","975.99K","1.09%"
"02/27/2023","113.81","117.04","117.10","113.32","656.39K","-0.35%"
"02/24/2023","114.21","113.57","115.25","112.79","686.98K","-1.78%"
"02/23/2023","116.28","119.00","119.26","113.39","710.67K","-0.60%"
"02/22/2023","116.98","117.21","119.32","114.97","799.38K","0.17%"
"02/21/2023","116.78","123.03","123.24","116.36","898.15K","-6.06%"
"02/17/2023","124.31","125.97","126.59","122.53","797.20K","-2.13%"
"02/16/2023","127.02","131.15","132.66","127.01","930.77K","-5.76%"
"02/15/2023","134.78","129.23","134.85","127.90","817.84K","3.56%"
"02/14/2023","130.15","130.12","133.80","127.40","615.48K","-0.40%"
"02/13/2023","130.67","128.40","131.45","127.03","701.26K","0.57%"
"02/10/2023","129.93","131.59","133.76","128.48","1.06M","-3.22%"
"02/09/2023","134.25","137.57","137.88","132.82","1.32M","-1.14%"
"02/08/2023","135.80","137.02","139.14","135.04","990.89K","-2.12%"
"02/07/2023","138.74","133.78","139.21","132.18","1.28M","2.88%"
"02/06/2023","134.85","136.40","137.86","133.94","1.06M","-2.94%"
"02/03/2023","138.93","135.71","142.99","134.30","1.33M","-2.96%"
"02/02/2023","143.17","139.75","149.72","139.65","2.14M","5.66%"
"02/01/2023","135.50","128.17","138.01","126.43","1.90M","5.08%"
"01/31/2023","128.95","122.84","128.96","122.74","1.22M","5.32%"
"01/30/2023","122.44","125.33","126.35","122.24","994.47K","-3.89%"
"01/27/2023","127.39","124.99","127.60","124.06","1.25M","1.54%"
"01/26/2023","125.46","127.44","127.54","123.58","948.28K","-0.39%"
"01/25/2023","125.95","124.94","126.42","119.92","2.03M","-1.16%"
"01/24/2023","127.43","128.49","129.11","125.32","825.87K","-1.30%"
"01/23/2023","129.11","130.18","131.05","127.34","1.85M","1.03%"
"01/20/2023","127.79","120.89","128.68","120.06","1.69M","7.47%"
"01/19/2023","118.91","116.86","119.75","114.22","1.26M","0.46%"
"01/18/2023","118.36","119.15","127.91","117.65","1.97M","-2.33%"
"01/17/2023","121.18","126.05","131.85","117.52","3.00M","2.37%"
"01/13/2023","118.37","113.49","119.05","112.04","1.48M","1.14%"
"01/12/2023","117.04","118.38","119.00","114.00","1.07M","-0.58%"
"01/11/2023","117.72","115.00","117.89","113.27","1.08M","2.80%"
"01/10/2023","114.51","113.66","116.33","110.23","1.54M","-1.11%"
"01/09/2023","115.79","115.31","119.18","114.48","1.21M","-0.44%"
"01/06/2023","116.30","109.49","116.93","106.81","1.65M","4.93%"
"01/05/2023","110.84","110.32","115.65","109.44","2.04M","-6.02%"
"01/04/2023","117.94","115.80","119.45","114.25","1.07M","4.21%"
"01/03/2023","113.17","117.14","118.21","112.56","1.12M","-1.78%"
"12/30/2022","115.22","113.98","115.89","113.34","900.10K","-0.78%"
"12/29/2022","116.12","112.41","117.35","112.26","1.07M","3.97%"
"12/28/2022","111.69","113.98","114.60","110.06","911.25K","-2.01%"
"12/27/2022","113.98","114.79","115.40","112.99","584.19K","-0.89%"
"12/23/2022","115.00","115.51","115.75","112.99","357.18K","-0.53%"
"12/22/2022","115.61","113.73","115.72","111.02","825.52K","0.32%"
"12/21/2022","115.24","115.56","117.00","113.47","804.58K","1.16%"
"12/20/2022","113.92","114.21","116.21","113.37","598.36K","-0.07%"
"12/19/2022","114.00","114.09","115.01","112.24","821.17K","0.11%"
"12/16/2022","113.87","114.79","117.01","113.25","2.78M","-1.33%"
"12/15/2022","115.41","114.07","117.15","113.76","996.75K","-1.06%"
"12/14/2022","116.65","119.56","122.22","114.79","1.29M","-2.79%"
"12/13/2022","120.00","126.51","128.39","119.01","1.48M","-2.22%"
"12/12/2022","122.73","119.28","123.33","116.46","1.20M","3.52%"
"12/09/2022","118.56","118.32","121.00","117.23","879.63K","-0.62%"
"12/08/2022","119.30","117.93","120.72","115.84","1.41M","1.97%"
"12/07/2022","116.99","114.97","118.87","113.45","2.05M","-1.57%"
"12/06/2022","118.86","125.70","125.79","118.50","2.42M","-5.58%"
"12/05/2022","125.88","134.00","134.88","124.38","1.40M","-7.44%"
"12/02/2022","136.00","135.88","137.35","134.91","612.17K","-1.48%"
"12/01/2022","138.04","139.90","141.74","137.06","813.46K","-1.05%"
"11/30/2022","139.50","135.69","139.85","131.81","1.14M","2.89%"
"11/29/2022","135.58","135.23","137.65","134.19","792.31K","0.98%"
"11/28/2022","134.27","137.82","140.85","133.47","1.05M","-4.26%"
"11/25/2022","140.24","139.00","140.59","138.53","291.63K","0.52%"
"11/23/2022","139.51","136.32","140.40","135.33","757.22K","2.44%"
"11/22/2022","136.19","133.00","136.34","131.43","1.12M","3.17%"
"11/21/2022","132.00","131.62","132.95","130.28","926.63K","-0.02%"
"11/18/2022","132.03","135.30","135.88","130.34","1.26M","0.02%"
"11/17/2022","132.01","135.11","135.50","130.12","1.02M","-4.35%"
"11/16/2022","138.01","144.90","145.78","137.10","1.18M","-6.71%"
"11/15/2022","147.94","143.58","157.41","143.32","1.94M","6.61%"
"11/14/2022","138.77","143.53","145.03","138.69","1.24M","-3.62%"
"11/11/2022","143.98","137.50","145.46","137.00","1.58M","2.16%"
"11/10/2022","140.94","139.31","144.79","137.97","2.65M","6.76%"
"11/09/2022","132.02","138.00","138.07","129.96","1.83M","-7.12%"
"11/08/2022","142.14","147.53","149.52","136.88","2.37M","-4.21%"
"11/07/2022","148.38","148.90","150.10","145.66","508.98K","-0.10%"
"11/04/2022","148.53","148.72","149.65","145.15","581.55K","3.02%"
"11/03/2022","144.18","144.32","145.32","141.43","697.47K","-1.69%"
"11/02/2022","146.66","159.57","159.57","146.56","1.14M","-8.34%"
"11/01/2022","160.01","160.75","162.93","159.75","893.85K","0.93%"
"10/31/2022","158.53","158.02","161.38","156.13","947.41K","-0.11%"
"10/28/2022","158.70","151.69","158.76","151.44","758.08K","4.81%"
"10/27/2022","151.41","158.33","158.87","151.01","566.66K","-2.83%"
"10/26/2022","155.82","152.66","158.64","151.93","791.85K","2.14%"
"10/25/2022","152.55","147.19","152.73","146.58","849.53K","2.94%"
"10/24/2022","148.19","143.50","148.46","141.78","1.21M","4.13%"
"10/21/2022","142.31","142.54","143.93","135.10","1.35M","-0.25%"
"10/20/2022","142.66","151.91","154.02","142.40","1.18M","-6.32%"
"10/19/2022","152.29","153.79","155.87","150.75","1.77M","-3.18%"
"10/18/2022","157.29","143.50","159.28","141.12","2.32M","2.76%"
"10/17/2022","153.06","151.81","156.04","150.57","1.60M","5.56%"
"10/14/2022","145.00","156.96","157.99","144.69","1.24M","-5.72%"
"10/13/2022","153.79","144.27","155.78","141.30","712.92K","3.60%"
"10/12/2022","148.45","148.36","150.79","146.00","517.56K","-0.15%"
"10/11/2022","148.68","152.00","153.31","147.65","891.48K","-2.47%"
"10/10/2022","152.44","154.73","155.76","151.02","699.40K","-0.36%"
"10/07/2022","152.99","154.93","155.05","151.36","467.28K","-2.92%"
"10/06/2022","157.59","158.77","161.71","157.29","416.08K","-1.97%"
"10/05/2022","160.76","159.29","161.42","156.50","415.47K","-2.03%"
"10/04/2022","164.09","160.51","165.20","160.51","909.79K","4.53%"
"10/03/2022","156.98","153.22","157.19","151.04","645.20K","3.96%"
"09/30/2022","151.00","152.09","153.97","149.68","811.90K","-1.23%"
"09/29/2022","152.88","151.87","154.74","149.21","783.68K","-1.36%"
"09/28/2022","154.99","151.85","156.47","150.04","502.33K","3.23%"
"09/27/2022","150.14","153.00","154.29","146.00","973.20K","-0.57%"
"09/26/2022","151.00","155.00","158.63","150.85","882.58K","-3.29%"
"09/23/2022","156.14","157.38","158.05","152.50","638.47K","-2.42%"
"09/22/2022","160.01","169.42","169.84","159.90","768.78K","-5.08%"
"09/21/2022","168.57","170.62","175.13","168.26","679.66K","-0.30%"
"09/20/2022","169.08","169.98","171.45","166.63","543.77K","-1.78%"
"09/19/2022","172.15","169.16","174.48","168.88","478.46K","0.14%"
"09/16/2022","171.91","175.70","175.70","169.92","1.22M","-3.85%"
"09/15/2022","178.80","177.18","184.88","176.49","488.91K","0.86%"
"09/14/2022","177.27","178.15","178.70","174.14","616.28K","-0.33%"
"09/13/2022","177.85","179.92","181.66","177.42","728.25K","-5.30%"
"09/12/2022","187.81","184.63","189.06","183.38","494.63K","2.20%"
"09/09/2022","183.76","184.83","186.85","183.50","519.70K","1.48%"
"09/08/2022","181.08","172.27","182.00","171.64","800.37K","3.25%"
"09/07/2022","175.38","167.13","175.60","166.91","910.61K","4.16%"
"09/06/2022","168.37","173.26","173.26","166.12","1.14M","-1.70%"
"09/02/2022","171.28","175.18","175.50","169.97","554.70K","-0.28%"
"09/01/2022","171.76","172.32","172.32","168.45","592.53K","-1.49%"
"08/31/2022","174.36","177.44","179.16","173.93","562.48K","-1.25%"
"08/30/2022","176.57","179.94","180.64","174.40","511.71K","-0.83%"
"08/29/2022","178.04","180.83","181.93","176.94","629.21K","-1.71%"
"08/26/2022","181.14","193.17","193.67","181.12","1.58M","-5.09%"
"08/25/2022","190.85","187.93","192.00","186.98","779.96K","2.13%"
"08/24/2022","186.87","185.74","189.56","185.65","427.80K","0.42%"
"08/23/2022","186.08","185.29","188.92","185.29","425.10K","0.38%"
"08/22/2022","185.37","187.73","187.73","183.32","657.26K","-2.42%"
"08/19/2022","189.96","196.90","197.33","188.71","902.74K","-5.80%"
"08/18/2022","201.65","200.30","202.39","199.33","650.98K","-0.05%"
"08/17/2022","201.76","203.63","204.85","200.25","438.62K","-2.59%"
"08/16/2022","207.12","204.24","208.48","200.83","406.87K","1.16%"
"08/15/2022","204.74","203.55","205.74","202.30","878.35K","-0.81%"
"08/12/2022","206.41","204.68","206.58","201.25","322.60K","2.15%"
"08/11/2022","202.06","200.00","204.76","198.49","549.00K","2.50%"
"08/10/2022","197.14","192.60","201.03","190.93","616.05K","5.42%"
"08/09/2022","187.00","188.43","188.44","185.24","445.40K","-0.94%"
"08/08/2022","188.77","187.57","192.64","187.57","413.41K","0.80%"
"08/05/2022","187.28","184.52","191.21","184.28","402.04K","0.50%"
"08/04/2022","186.35","187.67","188.00","184.74","445.93K","-1.20%"
"08/03/2022","188.61","185.79","189.73","185.79","449.29K","1.93%"
"08/02/2022","185.04","183.28","186.94","181.03","487.08K","0.97%"
"08/01/2022","183.27","184.15","185.23","179.20","1.01M","-1.24%"
"07/29/2022","185.57","185.82","187.98","184.26","548.32K","0.06%"
"07/28/2022","185.46","179.51","185.54","177.71","852.00K","2.74%"
"07/27/2022","180.51","176.54","181.72","175.74","1.10M","3.15%"
"07/26/2022","174.99","178.88","180.17","174.68","850.98K","-3.54%"
"07/25/2022","181.42","177.99","182.24","175.61","1.19M","3.14%"
"07/22/2022","175.89","181.57","183.91","172.69","1.05M","-3.13%"
"07/21/2022","181.57","186.57","188.63","179.48","1.27M","-3.23%"
"07/20/2022","187.63","186.22","189.70","183.61","1.52M","0.19%"
"07/19/2022","187.28","179.05","187.90","171.97","4.52M","-4.51%"
"07/18/2022","196.12","196.94","203.19","194.50","1.10M","2.38%"
"07/15/2022","191.57","187.75","192.52","183.51","733.97K","4.49%"
"07/14/2022","183.34","183.11","184.62","178.20","910.26K","-2.92%"
"07/13/2022","188.85","183.99","189.60","180.64","634.61K","-0.02%"
"07/12/2022","188.89","187.95","193.26","185.51","509.41K","0.37%"
"07/11/2022","188.20","190.16","191.53","187.11","441.34K","-2.72%"
"07/08/2022","193.46","192.51","195.22","188.65","493.99K","0.08%"
"07/07/2022","193.30","188.75","193.92","188.75","492.66K","3.99%"
"07/06/2022","185.88","187.26","191.66","183.19","505.76K","-1.88%"
"07/05/2022","189.44","178.35","189.58","176.65","524.68K","2.89%"
"07/01/2022","184.12","178.85","184.87","178.10","522.08K","2.74%"
"06/30/2022","179.21","177.55","182.56","170.82","964.76K","-2.60%"
"06/29/2022","184.00","187.28","187.48","182.27","546.20K","-1.89%"
"06/28/2022","187.55","191.31","195.46","186.59","680.60K","-0.90%"
"06/27/2022","189.26","193.06","194.97","186.84","631.84K","-1.50%"
"06/24/2022","192.14","184.07","196.77","183.87","1.15M","4.92%"
"06/23/2022","183.13","178.32","184.68","177.00","1.23M","3.07%"
"06/22/2022","177.67","173.00","179.33","170.82","1.02M","1.21%"
"06/21/2022","175.55","177.35","181.76","175.17","1.10M","2.25%"
"06/17/2022","171.68","168.43","174.28","168.03","1.68M","2.46%"
"06/16/2022","167.55","174.89","174.89","165.36","1.08M","-7.38%"
"06/15/2022","180.91","179.74","186.90","178.19","966.65K","1.60%"
"06/14/2022","178.06","177.00","179.04","173.53","1.24M","2.30%"
"06/13/2022","174.05","189.27","190.04","170.76","2.11M","-13.67%"
"06/10/2022","201.62","207.06","211.58","200.58","1.58M","-6.19%"
"06/09/2022","214.92","222.64","222.64","214.28","1.06M","-3.85%"
"06/08/2022","223.53","221.94","225.41","220.48","823.45K","-1.06%"
"06/07/2022","225.92","219.26","226.11","217.82","862.13K","1.15%"
"06/06/2022","223.35","220.97","226.59","219.68","826.29K","2.44%"
"06/03/2022","218.04","215.67","219.56","215.24","740.21K","-0.93%"
"06/02/2022","220.09","210.40","220.66","210.20","673.64K","3.90%"
"06/01/2022","211.83","216.04","218.33","207.94","1.23M","-2.05%"
"05/31/2022","216.27","210.77","218.81","207.90","1.32M","2.26%"
"05/27/2022","211.49","203.86","211.77","203.86","868.45K","3.95%"
"05/26/2022","203.46","197.70","204.19","196.02","1.19M","2.75%"
"05/25/2022","198.02","190.71","200.99","190.66","937.63K","3.74%"
"05/24/2022","190.88","196.52","196.52","185.74","715.77K","-3.47%"
"05/23/2022","197.74","194.71","200.69","190.89","1.04M","3.59%"
"05/20/2022","190.89","193.76","194.10","184.81","992.17K","1.01%"
"05/19/2022","188.99","187.76","193.52","187.06","1.44M","-0.47%"
"05/18/2022","189.89","194.99","197.42","188.62","1.67M","-3.53%"
"05/17/2022","196.84","193.63","198.15","190.29","1.26M","5.30%"
"05/16/2022","186.93","200.96","200.96","186.32","1.74M","-7.09%"
"05/13/2022","201.20","199.70","210.26","198.60","2.07M","6.35%"
"05/12/2022","189.18","189.95","190.32","179.05","4.13M","-2.74%"
"05/11/2022","194.50","216.00","217.10","193.55","2.41M","-10.78%"
"05/10/2022","218.01","224.44","227.79","210.00","1.17M","-0.92%"
"05/09/2022","220.03","230.98","230.98","216.56","1.55M","-6.31%"
"05/06/2022","234.86","245.53","246.35","231.69","1.03M","-4.52%"
"05/05/2022","245.97","256.81","257.87","241.56","924.50K","-6.60%"
"05/04/2022","263.35","254.36","264.39","248.20","603.62K","4.05%"
"05/03/2022","253.11","249.42","256.07","246.90","549.43K","1.80%"
"05/02/2022","248.63","245.03","249.21","239.90","717.38K","2.63%"
"04/29/2022","242.25","251.48","254.43","240.79","776.28K","-3.69%"
"04/28/2022","251.54","251.34","252.84","242.45","664.39K","1.64%"
"04/27/2022","247.49","247.81","252.42","245.73","500.90K","-0.13%"
"04/26/2022","247.81","257.96","259.37","247.65","652.11K","-5.08%"
"04/25/2022","261.06","257.33","261.56","251.99","755.50K","0.61%"
"04/22/2022","259.49","267.52","271.84","259.01","848.38K","-2.52%"
"04/21/2022","266.19","290.10","294.00","265.08","1.22M","-7.29%"
"04/20/2022","287.11","291.55","296.96","285.26","922.74K","-0.38%"
"04/19/2022","288.20","274.50","289.35","274.06","1.51M","8.10%"
"04/18/2022","266.61","264.36","267.61","261.08","619.24K","0.26%"
"04/14/2022","265.91","274.92","276.00","264.95","668.05K","-3.03%"
"04/13/2022","274.21","268.63","275.33","266.92","577.89K","2.05%"
"04/12/2022","268.69","271.92","276.28","266.77","666.47K","-0.54%"
"04/11/2022","270.16","265.98","275.10","262.79","675.40K","1.38%"
"04/08/2022","266.48","273.20","273.20","264.95","755.75K","-1.29%"
"04/07/2022","269.95","276.63","277.36","262.64","1.17M","-2.33%"
"04/06/2022","276.39","279.20","280.62","272.87","868.15K","-2.22%"
"04/05/2022","282.67","288.00","292.20","282.04","567.35K","-2.19%"
"04/04/2022","289.01","288.68","293.73","284.57","529.85K","-0.28%"
"04/01/2022","289.82","300.19","302.71","288.26","677.66K","-1.25%"
"03/31/2022","293.49","306.08","307.04","293.00","1.02M","-4.24%"
"03/30/2022","306.47","316.90","317.63","302.41","1.19M","-3.04%"
"03/29/2022","316.07","311.16","319.93","309.75","893.71K","4.16%"
"03/28/2022","303.44","306.35","307.39","298.65","535.53K","-1.64%"
"03/25/2022","308.51","306.45","313.59","306.02","431.63K","0.98%"
"03/24/2022","305.53","304.91","309.77","300.74","753.09K","1.85%"
"03/23/2022","299.99","316.79","317.53","292.28","1.79M","-6.60%"
"03/22/2022","321.18","317.55","328.88","316.67","821.66K","3.31%"
"03/21/2022","310.88","313.58","318.49","305.89","983.02K","-0.57%"
"03/18/2022","312.65","316.40","317.15","305.80","2.14M","-1.18%"
"03/17/2022","316.39","313.50","318.90","311.16","817.89K","-1.29%"
"03/16/2022","320.51","302.33","320.82","302.28","1.17M","8.66%"
"03/15/2022","294.96","290.03","295.76","286.84","800.29K","1.79%"
"03/14/2022","289.78","299.03","302.76","287.79","1.12M","0.18%"
"03/11/2022","289.25","312.16","316.66","288.56","1.08M","-6.49%"
"03/10/2022","309.33","299.90","310.33","299.21","510.41K","0.93%"
"03/09/2022","306.49","299.51","310.06","298.07","946.36K","7.28%"
"03/08/2022","285.69","283.44","295.00","272.77","1.19M","2.78%"
"03/07/2022","277.95","303.93","305.42","276.94","1.25M","-8.82%"
"03/04/2022","304.83","319.20","320.91","296.76","980.05K","-7.10%"
"03/03/2022","328.11","337.18","339.56","325.68","682.43K","-2.69%"
"03/02/2022","337.18","321.80","341.42","318.20","966.88K","6.45%"
"03/01/2022","316.75","341.09","342.14","310.33","1.19M","-8.16%"
"02/28/2022","344.89","339.71","350.23","337.46","807.77K","-1.46%"
"02/25/2022","349.99","330.80","350.53","327.45","912.65K","7.46%"
"02/24/2022","325.70","316.19","327.77","307.02","1.20M","-1.76%"
"02/23/2022","331.52","344.04","349.83","330.64","882.83K","-2.75%"
"02/22/2022","340.91","333.01","346.24","332.13","830.75K","1.69%"
"02/18/2022","335.25","338.07","343.92","334.51","601.37K","-0.99%"
"02/17/2022","338.59","344.64","346.28","337.95","489.64K","-3.22%"
"02/16/2022","349.86","339.50","350.40","339.50","523.87K","2.23%"
"02/15/2022","342.24","337.14","344.31","335.40","533.08K","3.28%"
"02/14/2022","331.37","337.01","340.55","326.47","604.53K","-1.55%"
"02/11/2022","336.59","341.09","351.04","332.95","695.75K","-2.14%"
"02/10/2022","343.96","341.18","355.51","338.23","798.12K","1.12%"
"02/09/2022","340.14","338.55","346.61","337.09","440.81K","0.82%"
"02/08/2022","337.37","325.56","338.46","325.50","827.87K","4.35%"
"02/07/2022","323.30","320.87","328.18","319.99","532.87K","0.76%"
"02/04/2022","320.87","311.99","325.07","310.78","867.75K","3.25%"
"02/03/2022","310.78","313.28","320.21","307.07","537.12K","-1.79%"
"02/02/2022","316.44","318.81","319.61","312.07","640.52K","-0.69%"
"02/01/2022","318.63","304.89","319.57","303.19","917.69K","4.60%"
"01/31/2022","304.63","300.09","308.02","294.12","1.10M","1.18%"
"01/28/2022","301.07","295.16","301.10","289.44","754.41K","1.55%"
"01/27/2022","296.48","309.69","315.52","293.03","1.06M","-2.97%"
"01/26/2022","305.54","317.90","320.37","300.77","1.52M","-1.54%"
"01/25/2022","310.31","309.79","316.54","298.83","1.11M","-1.23%"
"01/24/2022","314.17","317.47","317.57","293.76","2.19M","-3.73%"
"01/21/2022","326.33","336.13","338.00","325.39","1.39M","-4.02%"
"01/20/2022","340.00","351.43","355.59","339.00","1.20M","-3.25%"
"01/19/2022","351.43","365.42","367.29","351.12","1.69M","-1.20%"
"01/18/2022","355.70","374.76","374.76","345.17","1.32M","-2.65%"
"01/14/2022","365.39","360.27","366.45","355.94","913.64K","0.07%"
"01/13/2022","365.15","366.39","372.50","364.35","655.51K","-0.23%"
"01/12/2022","366.00","363.97","371.42","362.14","853.12K","1.47%"
"01/11/2022","360.71","354.19","361.76","344.76","646.12K","2.11%"
"01/10/2022","353.24","365.45","367.12","346.00","1.12M","-3.41%"
"01/07/2022","365.71","362.00","370.90","356.98","1.25M","0.90%"
"01/06/2022","362.46","343.46","362.64","340.38","1.21M","6.29%"
"01/05/2022","341.00","337.43","347.40","337.43","1.17M","1.77%"
"01/04/2022","335.08","331.50","339.39","329.61","685.42K","2.36%"
"01/03/2022","327.34","325.97","331.58","323.18","523.69K","1.20%"
"12/31/2021","323.47","318.91","326.07","318.91","295.68K","1.18%"
"12/30/2021","319.70","321.91","328.01","319.58","326.25K","-0.38%"
"12/29/2021","320.92","324.49","326.34","320.51","346.88K","-1.01%"
"12/28/2021","324.21","326.42","328.09","322.21","341.41K","-0.73%"
"12/27/2021","326.60","319.68","328.21","316.54","455.90K","2.15%"
"12/23/2021","319.73","322.56","326.74","318.88","577.43K","-0.18%"
"12/22/2021","320.30","315.31","320.87","311.78","513.04K","1.42%"
"12/21/2021","315.82","302.92","316.00","302.92","742.14K","5.34%"
"12/20/2021","299.80","295.13","300.90","292.00","1.26M","-1.21%"
"12/17/2021","303.47","301.29","304.13","288.15","12.06M","-0.26%"
"12/16/2021","304.26","306.30","311.70","301.33","1.46M","0.33%"
"12/15/2021","303.26","301.96","307.42","295.63","1.14M","1.15%"
"12/14/2021","299.82","293.86","301.80","292.04","854.99K","1.43%"
"12/13/2021","295.58","304.49","305.53","291.43","744.38K","-3.07%"
"12/10/2021","304.95","317.64","319.14","298.68","851.88K","-3.30%"
"12/09/2021","315.35","320.22","324.01","314.35","530.22K","-1.71%"
"12/08/2021","320.84","319.31","324.34","314.30","727.72K","0.82%"
"12/07/2021","318.23","315.59","321.96","314.67","724.55K","2.21%"
"12/06/2021","311.34","310.29","314.30","299.01","979.58K","1.83%"
"12/03/2021","305.73","320.82","321.68","302.41","668.23K","-4.34%"
"12/02/2021","319.60","310.51","321.44","306.01","886.89K","4.78%"
"12/01/2021","305.01","314.20","323.13","303.53","1.39M","0.90%"
"11/30/2021","302.30","324.50","329.04","299.94","4.47M","-7.58%"
"11/29/2021","327.08","329.62","336.65","324.45","1.47M","0.35%"
"11/26/2021","325.95","328.93","329.59","319.47","746.04K","-4.03%"
"11/24/2021","339.63","334.67","342.03","332.78","527.30K","1.04%"
"11/23/2021","336.14","333.56","337.00","328.64","888.97K","1.06%"
"11/22/2021","332.61","336.19","339.39","328.75","1.09M","0.19%"
"11/19/2021","331.99","326.27","332.51","319.23","995.83K","1.22%"
"11/18/2021","328.00","324.27","328.57","320.73","633.10K","1.42%"
"11/17/2021","323.42","322.10","324.69","316.67","378.24K","0.41%"
"11/16/2021","322.10","319.53","325.33","316.82","484.69K","0.20%"
"11/15/2021","321.45","319.20","323.29","317.00","387.77K","2.05%"
"11/12/2021","314.99","315.58","323.09","313.07","541.54K","-0.15%"
"11/11/2021","315.45","316.10","319.43","314.24","475.63K","0.02%"
"11/10/2021","315.38","323.97","326.29","314.90","531.84K","-2.43%"
"11/09/2021","323.23","319.01","323.34","315.67","513.81K","0.68%"
"11/08/2021","321.04","327.00","328.74","319.02","647.92K","0.12%"
"11/05/2021","320.64","322.23","326.32","314.44","382.47K","0.36%"
"11/04/2021","319.49","326.36","326.36","312.58","625.70K","-1.90%"
"11/03/2021","325.69","315.00","327.44","314.89","806.40K","3.35%"
"11/02/2021","315.12","311.54","315.40","308.16","540.56K","1.31%"
"11/01/2021","311.05","301.36","313.07","298.99","1.19M","4.44%"
"10/29/2021","297.82","301.70","307.68","295.50","689.70K","-0.99%"
"10/28/2021","300.80","296.01","301.48","292.40","682.14K","1.77%"
"10/27/2021","295.56","304.28","307.39","294.26","666.20K","-4.02%"
"10/26/2021","307.93","313.10","314.80","304.24","534.53K","-1.43%"
"10/25/2021","312.40","317.51","317.51","310.42","413.41K","-0.96%"
"10/22/2021","315.44","311.44","316.95","310.45","435.25K","1.86%"
"10/21/2021","309.69","310.87","311.21","305.10","442.49K","-0.03%"
"10/20/2021","309.79","300.15","311.34","299.15","611.17K","4.40%"
"10/19/2021","296.74","308.44","308.95","289.31","1.43M","-3.79%"
"10/18/2021","308.44","304.08","313.00","303.93","682.35K","0.95%"
"10/15/2021","305.53","305.56","309.84","303.21","570.81K","1.54%"
"10/14/2021","300.89","301.86","303.13","296.89","575.26K","1.01%"
"10/13/2021","297.88","294.09","298.09","291.32","526.87K","0.85%"
"10/12/2021","295.38","294.83","300.47","294.00","418.70K","0.01%"
"10/11/2021","295.35","301.94","307.50","293.66","496.33K","-1.54%"
"10/08/2021","299.96","291.39","301.08","290.48","407.84K","2.46%"
"10/07/2021","292.76","296.55","299.58","291.56","384.28K","0.74%"
"10/06/2021","290.62","285.21","291.02","278.73","393.40K","0.50%"
"10/05/2021","289.16","292.35","294.34","288.48","451.04K","-0.16%"
"10/04/2021","289.62","287.08","293.96","285.48","755.72K","1.23%"
"10/01/2021","286.09","274.70","286.50","272.01","557.54K","5.07%"
"09/30/2021","272.28","276.89","278.88","271.41","461.94K","-1.22%"
"09/29/2021","275.65","272.96","278.36","270.68","402.19K","1.21%"
"09/28/2021","272.35","276.46","280.09","271.42","618.68K","-1.55%"
"09/27/2021","276.64","262.72","277.61","261.77","970.17K","6.08%"
"09/24/2021","260.79","257.04","263.65","256.33","511.75K","-0.07%"
"09/23/2021","260.98","254.70","263.66","254.46","502.61K","3.25%"
"09/22/2021","252.76","252.80","258.24","250.60","404.20K","1.16%"
"09/21/2021","249.85","253.47","255.46","249.42","382.77K","-0.41%"
"09/20/2021","250.88","252.30","252.80","246.10","573.14K","-4.13%"
"09/17/2021","261.68","264.37","266.26","260.38","1.03M","-0.72%"
"09/16/2021","263.59","265.94","266.77","260.70","393.22K","0.35%"
"09/15/2021","262.66","264.32","267.55","262.38","488.21K","-0.36%"
"09/14/2021","263.61","268.98","272.54","261.33","523.31K","-1.90%"
"09/13/2021","268.71","266.64","270.23","264.76","533.60K","2.25%"
"09/10/2021","262.80","262.53","265.80","261.21","539.60K","0.81%"
"09/09/2021","260.70","256.73","262.73","256.13","341.26K","1.19%"
"09/08/2021","257.64","262.04","266.34","256.56","347.59K","-2.48%"
"09/07/2021","264.19","263.69","269.83","261.38","686.14K","0.89%"
"09/03/2021","261.85","264.00","265.32","260.62","232.73K","-0.26%"
"09/02/2021","262.52","260.01","267.17","260.01","415.43K","1.52%"
"09/01/2021","258.60","260.35","260.91","255.09","372.59K","-0.28%"
"08/31/2021","259.33","258.03","260.52","255.77","444.43K","1.08%"
"08/30/2021","256.57","261.22","264.27","255.88","304.16K","-2.49%"
"08/27/2021","263.13","256.23","264.32","255.26","391.98K","3.37%"
"08/26/2021","254.55","261.20","265.41","253.48","470.59K","-1.90%"
"08/25/2021","259.47","260.23","263.33","258.03","278.35K","0.66%"
"08/24/2021","257.76","254.10","259.46","253.70","306.26K","2.44%"
"08/23/2021","251.62","249.00","254.06","248.30","349.04K","2.31%"
"08/20/2021","245.93","238.57","245.94","237.70","345.77K","3.14%"
"08/19/2021","238.45","241.42","244.80","236.88","305.71K","-2.61%"
"08/18/2021","244.83","244.99","251.61","244.57","296.91K","-0.55%"
"08/17/2021","246.18","253.28","253.86","240.45","622.19K","-4.06%"
"08/16/2021","256.59","256.62","257.51","253.67","286.26K","-0.34%"
"08/13/2021","257.46","259.06","259.45","256.25","328.96K","-0.21%"
"08/12/2021","258.00","263.25","268.46","257.36","527.23K","-1.69%"
"08/11/2021","262.44","255.65","262.69","252.34","676.16K","3.12%"
"08/10/2021","254.49","250.76","255.51","247.06","768.98K","0.90%"
"08/09/2021","252.21","245.38","254.78","243.77","677.59K","2.00%"
"08/06/2021","247.27","243.95","251.93","241.25","560.33K","3.24%"
"08/05/2021","239.50","230.62","239.60","230.01","390.47K","4.13%"
"08/04/2021","230.01","229.51","234.06","228.01","302.76K","-0.70%"
"08/03/2021","231.64","228.91","232.63","223.96","407.45K","2.12%"
"08/02/2021","226.83","228.66","233.53","224.80","397.68K","-0.06%"
"07/30/2021","226.97","228.84","233.33","225.58","467.66K","-1.43%"
"07/29/2021","230.27","232.96","235.13","228.22","600.76K","-0.48%"
"07/28/2021","231.39","231.15","234.64","226.50","396.43K","0.59%"
"07/27/2021","230.04","231.87","234.83","226.75","716.13K","-2.28%"
"07/26/2021","235.40","239.57","242.69","233.88","421.46K","-1.60%"
"07/23/2021","239.23","240.85","241.23","235.67","391.68K","0.93%"
"07/22/2021","237.03","240.52","240.52","234.86","638.28K","-1.55%"
"07/21/2021","240.77","232.86","242.63","231.51","2.01M","2.24%"
"07/20/2021","235.50","229.00","247.21","227.93","1.25M","3.40%"
"07/19/2021","227.75","227.03","232.70","225.24","692.57K","-3.45%"
"07/16/2021","235.89","249.53","249.97","234.68","708.52K","-5.24%"
"07/15/2021","248.94","247.18","252.97","246.10","496.82K","-0.25%"
"07/14/2021","249.57","255.12","258.90","247.79","252.09K","-1.49%"
"07/13/2021","253.35","256.35","258.94","251.04","271.18K","-1.67%"
"07/12/2021","257.66","252.02","261.92","250.38","367.59K","0.76%"
"07/09/2021","255.71","244.88","256.42","244.49","402.80K","6.43%"
"07/08/2021","240.25","235.79","244.93","234.03","416.63K","-0.35%"
"07/07/2021","241.09","240.26","244.90","237.29","269.13K","-0.03%"
"07/06/2021","241.17","248.10","248.37","239.00","261.07K","-2.78%"
"07/02/2021","248.06","248.97","249.66","246.53","164.32K","-0.74%"
"07/01/2021","249.92","247.91","252.35","246.69","256.40K","1.74%"
"06/30/2021","245.65","242.84","246.99","242.01","306.00K","0.68%"
"06/29/2021","244.00","249.71","251.77","243.35","292.09K","-1.25%"
"06/28/2021","247.10","254.15","254.86","245.85","350.76K","-3.64%"
"06/25/2021","256.44","254.77","257.33","252.35","505.29K","2.03%"
"06/24/2021","251.35","246.73","252.46","245.00","408.98K","1.74%"
"06/23/2021","247.05","247.15","249.24","242.13","340.73K","1.14%"
"06/22/2021","244.27","246.64","247.52","242.01","506.77K","-1.16%"
"06/21/2021","247.14","236.90","248.11","236.90","423.79K","5.39%"
"06/18/2021","234.50","242.13","245.70","232.72","1.09M","-4.00%"
"06/17/2021","244.26","262.08","263.99","243.61","899.27K","-5.45%"
"06/16/2021","258.35","243.60","262.49","240.82","926.10K","6.72%"
"06/15/2021","242.08","239.97","242.73","235.22","393.79K","0.20%"
"06/14/2021","241.60","247.49","250.87","239.39","488.30K","-2.71%"
"06/11/2021","248.33","244.62","248.98","242.94","653.29K","2.05%"
"06/10/2021","243.33","251.24","253.32","243.25","462.03K","-2.01%"
"06/09/2021","248.31","244.05","250.31","242.11","463.07K","0.92%"
"06/08/2021","246.04","247.40","249.50","243.90","607.37K","-1.36%"
"06/07/2021","249.42","250.94","253.18","248.19","311.52K","-0.38%"
"06/04/2021","250.38","248.23","250.81","243.46","354.95K","1.07%"
"06/03/2021","247.73","247.82","252.04","246.48","279.68K","-0.27%"
"06/02/2021","248.41","252.46","252.46","246.98","219.90K","-0.76%"
"06/01/2021","250.32","251.76","254.55","247.57","437.14K","0.23%"
"05/28/2021","249.75","250.28","251.50","245.36","336.08K","-0.16%"
"05/27/2021","250.16","248.44","250.49","245.73","367.45K","2.60%"
"05/26/2021","243.81","238.22","244.79","238.22","314.13K","2.47%"
"05/25/2021","237.94","241.79","245.65","237.58","492.66K","-0.66%"
"05/24/2021","239.53","241.00","243.38","237.83","482.27K","-0.28%"
"05/21/2021","240.21","239.62","243.53","237.37","470.52K","1.20%"
"05/20/2021","237.35","235.62","239.21","231.66","520.19K","0.91%"
"05/19/2021","235.22","242.48","242.99","229.62","984.61K","-4.71%"
"05/18/2021","246.85","247.95","251.23","245.66","373.14K","0.16%"
"05/17/2021","246.45","244.75","248.11","243.41","254.69K","-0.11%"
"05/14/2021","246.71","241.83","248.00","238.24","489.18K","3.15%"
"05/13/2021","239.17","239.16","244.82","232.00","652.86K","-0.96%"
"05/12/2021","241.48","256.27","256.97","240.22","457.58K","-3.41%"
"05/11/2021","250.00","248.74","256.26","245.40","555.13K","-1.14%"
"05/10/2021","252.89","257.26","258.44","252.25","495.31K","-0.85%"
"05/07/2021","255.06","247.97","255.08","247.55","280.13K","0.60%"
"05/06/2021","253.54","258.70","258.70","249.43","347.06K","-1.25%"
"05/05/2021","256.76","255.53","258.96","252.96","457.63K","1.17%"
"05/04/2021","253.80","247.30","253.85","241.92","503.86K","2.13%"
"05/03/2021","248.51","256.00","256.29","247.40","455.78K","-1.19%"
"04/30/2021","251.51","251.50","256.33","250.19","508.04K","-1.40%"
"04/29/2021","255.09","255.38","260.37","250.32","533.52K","0.91%"
"04/28/2021","252.78","252.36","255.05","249.67","415.92K","0.37%"
"04/27/2021","251.85","254.47","256.60","247.98","676.47K","-0.39%"
"04/26/2021","252.83","240.68","253.62","239.76","818.43K","5.86%"
"04/23/2021","238.84","241.55","245.13","238.42","905.89K","-0.85%"
"04/22/2021","240.89","240.31","248.27","238.50","832.75K","0.68%"
"04/21/2021","239.27","218.21","246.97","218.21","1.20M","9.14%"
"04/20/2021","219.23","225.66","227.41","216.00","663.13K","-3.78%"
"04/19/2021","227.84","228.62","232.82","225.13","507.09K","0.12%"
"04/16/2021","227.56","235.53","235.53","225.75","633.99K","-1.90%"
"04/15/2021","231.97","233.51","233.51","225.31","430.50K","0.94%"
"04/14/2021","229.82","228.90","235.30","228.90","375.20K","0.17%"
"04/13/2021","229.44","231.26","231.47","228.06","372.05K","-0.87%"
"04/12/2021","231.46","229.14","233.52","228.11","433.73K","1.40%"
"04/09/2021","228.26","226.16","229.13","224.85","270.62K","1.58%"
"04/08/2021","224.72","222.68","225.03","220.12","424.58K","0.46%"
"04/07/2021","223.70","224.95","227.95","223.40","435.31K","0.04%"
"04/06/2021","223.61","228.18","230.54","222.86","457.33K","-2.01%"
"04/05/2021","228.19","229.95","230.45","225.10","503.68K","1.42%"
"04/01/2021","225.00","224.67","228.50","223.51","300.86K","-0.49%"
"03/31/2021","226.10","223.62","229.57","222.99","710.41K","1.15%"
"03/30/2021","223.52","216.90","224.21","216.04","528.28K","4.11%"
"03/29/2021","214.70","216.61","219.24","207.86","974.03K","-2.42%"
"03/26/2021","220.02","219.95","225.99","215.64","552.09K","1.95%"
"03/25/2021","215.82","210.23","217.65","206.07","732.44K","1.68%"
"03/24/2021","212.26","220.81","223.33","211.52","1.01M","-2.43%"
"03/23/2021","217.55","225.74","230.47","215.08","1.47M","-5.30%"
"03/22/2021","229.71","235.51","236.84","228.03","537.18K","-3.62%"
"03/19/2021","238.34","232.00","240.34","228.57","2.04M","1.89%"
"03/18/2021","233.93","242.20","249.94","231.72","1.08M","-2.24%"
"03/17/2021","239.29","242.54","243.00","232.81","717.35K","-0.94%"
"03/16/2021","241.57","243.09","244.87","239.71","571.95K","-1.78%"
"03/15/2021","245.95","240.00","247.84","239.60","742.95K","1.79%"
"03/12/2021","241.63","242.44","244.91","237.50","636.31K","1.93%"
"03/11/2021","237.05","230.62","237.90","227.60","597.03K","3.91%"
"03/10/2021","228.14","224.47","228.99","222.20","780.60K","2.39%"
"03/09/2021","222.82","220.81","227.79","218.13","540.91K","-1.69%"
"03/08/2021","226.66","228.24","234.37","225.36","909.02K","1.81%"
"03/05/2021","222.62","222.04","224.96","206.00","957.84K","2.75%"
"03/04/2021","216.66","220.02","224.92","212.13","851.14K","-2.51%"
"03/03/2021","222.23","226.36","230.88","221.72","834.79K","0.87%"
"03/02/2021","220.32","223.00","223.43","219.23","462.23K","-1.52%"
"03/01/2021","223.73","223.43","227.14","222.10","865.26K","2.47%"
"02/26/2021","218.34","220.00","222.75","212.01","643.23K","-1.48%"
"02/25/2021","221.63","226.51","231.15","220.16","905.14K","-1.96%"
"02/24/2021","226.05","220.52","228.00","214.79","1.10M","5.89%"
"02/23/2021","213.47","215.00","216.32","205.00","1.04M","-1.69%"
"02/22/2021","217.15","217.04","220.68","214.50","974.24K","-1.67%"
"02/19/2021","220.84","212.37","221.81","211.58","793.98K","5.01%"
"02/18/2021","210.31","215.00","215.00","206.90","677.60K","-2.14%"
"02/17/2021","214.92","213.39","217.10","208.05","875.99K","-0.05%"
"02/16/2021","215.02","223.12","223.12","214.28","1.14M","0.46%"
"02/12/2021","214.04","213.69","215.82","211.70","995.94K","0.60%"
"02/11/2021","212.76","212.00","217.08","208.41","1.16M","0.41%"
"02/10/2021","211.90","213.83","217.44","206.91","1.87M","0.62%"
"02/09/2021","210.60","207.23","211.72","200.41","2.42M","7.76%"
"02/08/2021","195.43","186.00","196.18","185.15","2.26M","6.85%"
"02/05/2021","182.90","178.72","188.66","176.50","2.55M","-0.22%"
"02/04/2021","183.31","179.50","184.55","178.38","651.14K","3.17%"
"02/03/2021","177.67","176.82","179.32","174.63","606.80K","0.29%"
"02/02/2021","177.16","170.14","178.31","167.50","861.77K","6.36%"
"02/01/2021","166.56","165.21","166.88","161.54","476.13K","0.83%"
"01/29/2021","165.19","164.11","167.53","162.75","1.23M","0.24%"
"01/28/2021","164.79","160.03","165.75","158.37","679.11K","3.41%"
"01/27/2021","159.35","163.33","163.92","157.76","669.29K","-2.95%"
"01/26/2021","164.20","165.80","166.72","162.95","526.35K","0.05%"
"01/25/2021","164.12","162.03","164.25","156.66","634.98K","2.40%"
"01/22/2021","160.27","153.54","160.63","152.14","719.29K","5.61%"
"01/21/2021","151.76","153.00","153.58","146.10","747.17K","-1.28%"
"01/20/2021","153.72","154.76","155.60","152.99","636.08K","-1.03%"
"01/19/2021","155.32","154.67","156.70","152.57","628.54K","0.64%"
"01/15/2021","154.33","157.41","158.50","152.84","605.75K","-3.44%"
"01/14/2021","159.82","155.00","160.52","153.86","758.87K","3.97%"
"01/13/2021","153.72","150.00","154.59","149.43","677.42K","2.16%"
"01/12/2021","150.47","147.39","151.00","145.64","488.13K","3.57%"
"01/11/2021","145.28","143.37","146.40","142.32","388.92K","0.22%"
"01/08/2021","144.96","147.28","147.28","142.33","394.50K","-0.69%"
"01/07/2021","145.97","145.00","146.78","143.66","463.21K","2.18%"
"01/06/2021","142.86","139.82","144.86","138.87","705.88K","5.49%"
"01/05/2021","135.43","136.64","138.00","134.13","439.58K","-0.38%"
"01/04/2021","135.94","136.59","136.68","132.05","387.49K","0.48%"
"12/31/2020","135.29","134.36","136.32","133.13","258.91K","0.79%"
"12/30/2020","134.23","134.28","136.00","133.34","230.38K","0.35%"
"12/29/2020","133.76","136.98","136.98","132.76","325.69K","-2.19%"
"12/28/2020","136.75","133.93","136.88","133.93","333.54K","1.90%"
"12/24/2020","134.20","135.10","135.10","132.71","119.92K","-0.61%"
"12/23/2020","135.02","133.07","136.16","132.98","313.04K","2.16%"
"12/22/2020","132.16","132.89","133.26","131.15","558.88K","-0.31%"
"12/21/2020","132.57","133.09","134.17","130.60","782.33K","1.12%"
"12/18/2020","131.10","131.00","131.52","129.29","1.21M","0.05%"
"12/17/2020","131.03","132.64","132.64","130.49","392.42K","-0.83%"
"12/16/2020","132.13","132.00","132.93","129.25","667.90K","0.80%"
"12/15/2020","131.08","130.19","131.26","127.58","562.59K","2.29%"
"12/14/2020","128.15","131.20","131.98","127.81","638.31K","-0.06%"
"12/11/2020","128.23","127.16","130.62","127.15","661.48K","-1.36%"
"12/10/2020","130.00","125.00","130.48","125.00","962.25K","2.36%"
"12/09/2020","127.00","122.28","127.23","120.55","986.37K","5.06%"
"12/08/2020","120.88","123.25","124.21","120.51","384.96K","-1.99%"
"12/07/2020","123.34","124.46","124.46","121.70","603.83K","-0.89%"
"12/04/2020","124.45","124.65","127.06","121.60","632.40K","0.93%"
"12/03/2020","123.30","122.53","125.17","120.50","775.86K","1.38%"
"12/02/2020","121.62","115.21","122.97","115.00","878.60K","4.86%"
"12/01/2020","115.98","114.79","116.84","113.29","696.85K","3.38%"
"11/30/2020","112.19","113.66","117.04","112.03","3.52M","-2.61%"
"11/27/2020","115.20","114.86","117.06","112.61","510.33K","-0.07%"
"11/25/2020","115.28","115.12","115.71","111.36","718.33K","-1.01%"
"11/24/2020","116.46","111.38","116.64","111.16","787.81K","6.67%"
"11/23/2020","109.18","107.00","109.95","106.32","602.85K","2.95%"
"11/20/2020","106.05","105.58","106.29","104.27","278.21K","0.03%"
"11/19/2020","106.02","104.46","106.50","103.79","436.53K","0.40%"
"11/18/2020","105.60","110.70","111.21","105.50","620.66K","-3.91%"
"11/17/2020","109.90","108.37","110.59","106.03","658.43K","-1.11%"
"11/16/2020","111.13","108.36","111.22","106.83","711.89K","8.26%"
"11/13/2020","102.65","101.51","104.25","101.51","718.26K","2.35%"
"11/12/2020","100.29","98.68","103.64","97.75","1.16M","0.88%"
"11/11/2020","99.42","102.33","102.34","96.48","1.02M","-2.06%"
"11/10/2020","101.51","98.98","104.81","97.97","1.48M","3.62%"
"11/09/2020","97.96","83.99","99.53","83.99","2.80M","28.88%"
"11/06/2020","76.01","79.01","79.41","75.97","594.35K","-3.10%"
"11/05/2020","78.44","76.26","78.91","76.26","681.46K","2.93%"
"11/04/2020","76.21","79.46","79.46","71.44","1.36M","-5.28%"
"11/03/2020","80.46","82.34","82.74","80.08","650.89K","-0.38%"
"11/02/2020","80.77","81.94","82.29","79.77","506.57K","0.04%"
"10/30/2020","80.74","77.60","82.22","77.60","971.03K","3.02%"
"10/29/2020","78.37","76.79","79.23","76.02","664.97K","0.99%"
"10/28/2020","77.60","77.66","79.25","76.67","613.47K","-2.54%"
"10/27/2020","79.62","83.13","83.42","79.55","856.16K","-4.66%"
"10/26/2020","83.51","83.81","85.24","82.64","474.86K","-1.25%"
"10/23/2020","84.57","86.81","87.28","83.58","675.57K","-1.65%"
"10/22/2020","85.99","82.26","86.05","82.25","766.80K","4.57%"
"10/21/2020","82.23","83.14","85.13","81.56","907.07K","-1.07%"
"10/20/2020","83.12","85.16","89.40","80.82","1.79M","-3.26%"
"10/19/2020","85.92","87.19","88.07","85.68","693.95K","-1.00%"
"10/16/2020","86.79","87.08","87.88","85.57","418.08K","-0.18%"
"10/15/2020","86.95","84.10","87.22","84.08","492.60K","2.64%"
"10/14/2020","84.71","84.61","85.80","83.90","360.39K","0.13%"
"10/13/2020","84.60","85.17","86.19","84.15","491.88K","-1.57%"
"10/12/2020","85.95","84.24","85.97","84.18","299.79K","1.52%"
"10/09/2020","84.66","88.58","88.72","84.52","436.36K","-2.58%"
"10/08/2020","86.90","88.49","88.51","85.93","571.80K","0.99%"
"10/07/2020","86.05","85.59","87.26","85.24","458.95K","1.12%"
"10/06/2020","85.10","87.20","88.24","84.63","538.35K","-0.82%"
"10/05/2020","85.80","84.10","86.20","83.75","637.95K","3.35%"
"10/02/2020","83.02","80.47","84.00","80.11","458.49K","1.36%"
"10/01/2020","81.91","82.97","83.83","81.26","406.35K","-1.30%"
"09/30/2020","82.99","82.87","84.61","82.25","408.40K","0.61%"
"09/29/2020","82.49","84.39","84.55","81.15","739.17K","-3.57%"
"09/28/2020","85.54","86.19","87.01","85.37","336.70K","1.83%"
"09/25/2020","84.00","84.01","84.62","82.47","363.46K","-0.11%"
"09/24/2020","84.09","82.29","85.38","82.00","425.34K","1.05%"
"09/23/2020","83.22","84.69","87.46","82.81","492.89K","-1.43%"
"09/22/2020","84.43","85.44","86.46","83.50","383.65K","-0.68%"
"09/21/2020","85.01","86.82","88.86","84.69","557.11K","-5.81%"
"09/18/2020","90.25","91.07","91.66","89.32","685.76K","-0.51%"
"09/17/2020","90.71","89.31","91.42","88.25","435.97K","-0.33%"
"09/16/2020","91.01","90.63","92.43","89.15","584.36K","0.57%"
"09/15/2020","90.49","93.88","93.98","90.30","497.11K","-3.23%"
"09/14/2020","93.51","94.01","95.95","93.12","316.62K","0.29%"
"09/11/2020","93.24","92.19","93.55","91.25","523.09K","1.18%"
"09/10/2020","92.15","95.80","96.42","92.06","534.07K","-3.42%"
"09/09/2020","95.41","97.03","97.03","93.66","443.09K","-1.19%"
"09/08/2020","96.56","100.50","100.59","96.48","422.68K","-4.61%"
"09/04/2020","101.23","102.48","104.57","100.08","518.44K","3.02%"
"09/03/2020","98.26","96.40","100.02","96.40","651.59K","2.46%"
"09/02/2020","95.90","95.98","96.85","94.71","471.21K","-0.30%"
"09/01/2020","96.19","96.41","97.46","95.44","393.07K","-0.87%"
"08/31/2020","97.03","99.70","100.07","97.03","411.50K","-3.28%"
"08/28/2020","100.32","100.56","100.69","98.79","296.79K","0.85%"
"08/27/2020","99.47","95.46","99.55","95.46","400.78K","3.87%"
"08/26/2020","95.76","99.48","99.48","95.57","394.96K","-3.84%"
"08/25/2020","99.58","99.27","100.25","96.95","354.69K","1.15%"
"08/24/2020","98.45","97.21","99.13","96.34","397.06K","1.84%"
"08/21/2020","96.67","96.24","97.73","95.94","295.53K","-0.54%"
"08/20/2020","97.19","100.26","100.81","97.01","505.70K","-4.74%"
"08/19/2020","102.03","102.72","103.66","101.49","285.75K","-0.59%"
"08/18/2020","102.64","106.46","106.46","102.42","274.84K","-3.32%"
"08/17/2020","106.17","107.27","107.27","105.00","356.86K","-1.17%"
"08/14/2020","107.43","106.84","108.52","106.21","447.37K","0.02%"
"08/13/2020","107.41","110.04","110.53","107.32","352.00K","-3.21%"
"08/12/2020","110.97","112.51","113.36","108.82","270.44K","0.96%"
"08/11/2020","109.92","110.13","113.00","108.91","406.59K","1.61%"
"08/10/2020","108.18","108.63","112.18","107.70","343.87K","0.02%"
"08/07/2020","108.16","102.76","108.24","101.72","364.43K","4.76%"
"08/06/2020","103.25","104.22","104.93","102.65","210.39K","-1.22%"
"08/05/2020","104.53","101.95","104.79","101.52","339.51K","3.89%"
"08/04/2020","100.62","101.47","103.26","99.66","277.54K","-0.52%"
"08/03/2020","101.15","102.61","102.61","100.61","420.07K","-1.35%"
"07/31/2020","102.53","102.66","102.85","100.45","425.56K","-0.04%"
"07/30/2020","102.57","101.98","104.11","99.82","337.87K","-2.36%"
"07/29/2020","105.05","104.85","105.61","102.26","518.81K","0.62%"
"07/28/2020","104.40","106.79","107.56","104.37","370.75K","-2.10%"
"07/27/2020","106.64","108.74","108.74","106.22","285.48K","-2.69%"
"07/24/2020","109.59","111.58","112.45","108.87","340.60K","-1.78%"
"07/23/2020","111.58","109.58","112.96","109.35","397.25K","2.20%"
"07/22/2020","109.18","110.15","110.15","106.82","530.59K","-0.35%"
"07/21/2020","109.56","101.39","110.20","101.39","759.16K","7.49%"
"07/20/2020","101.93","104.01","104.22","101.01","657.68K","-2.28%"
"07/17/2020","104.31","107.94","108.13","104.10","259.70K","-2.97%"
"07/16/2020","107.50","107.41","109.85","106.37","279.94K","-1.44%"
"07/15/2020","109.07","105.24","109.60","104.61","322.26K","5.93%"
"07/14/2020","102.96","105.46","105.46","101.04","393.39K","-2.63%"
"07/13/2020","105.74","105.59","107.85","103.13","278.19K","1.58%"
"07/10/2020","104.10","100.66","104.30","100.66","222.59K","3.56%"
"07/09/2020","100.52","103.96","104.70","100.28","453.85K","-3.98%"
"07/08/2020","104.69","103.35","105.47","102.13","525.60K","1.83%"
"07/07/2020","102.81","104.87","104.87","102.48","285.25K","-2.03%"
"07/06/2020","104.94","107.40","108.73","103.99","249.03K","0.41%"
"07/02/2020","104.51","108.25","109.36","103.72","208.59K","-0.75%"
"07/01/2020","105.30","107.94","107.94","104.54","483.12K","-1.52%"
"06/30/2020","106.92","103.56","107.57","103.56","294.70K","2.11%"
"06/29/2020","104.71","104.49","106.96","102.93","365.58K","2.03%"
"06/26/2020","102.63","103.37","104.52","100.94","1.14M","-2.71%"
"06/25/2020","105.49","100.16","105.49","100.16","270.53K","4.15%"
"06/24/2020","101.29","104.53","106.59","100.83","345.98K","-4.36%"
"06/23/2020","105.91","108.76","109.35","104.86","320.23K","-0.59%"
"06/22/2020","106.54","106.61","107.93","104.38","213.10K","0.13%"
"06/19/2020","106.40","108.82","108.82","104.09","631.89K","-0.74%"
"06/18/2020","107.19","104.69","109.43","104.60","335.15K","1.24%"
"06/17/2020","105.88","110.52","110.52","105.75","315.32K","-4.04%"
"06/16/2020","110.34","112.71","113.01","108.40","283.35K","2.86%"
"06/15/2020","107.27","102.63","107.71","101.71","462.14K","-0.57%"
"06/12/2020","107.88","107.41","109.02","103.30","631.83K","5.27%"
"06/11/2020","102.48","104.11","107.67","100.57","605.66K","-8.17%"
"06/10/2020","111.60","117.45","119.98","111.40","688.31K","-4.70%"
"06/09/2020","117.10","114.50","119.36","113.66","564.00K","-1.14%"
"06/08/2020","118.45","119.79","120.69","116.25","492.48K","2.49%"
"06/05/2020","115.57","117.98","118.93","114.76","514.25K","4.55%"
"06/04/2020","110.54","108.58","110.72","107.06","569.93K","1.88%"
"06/03/2020","108.50","107.23","110.70","106.74","896.60K","4.66%"
"06/02/2020","103.67","106.72","106.83","102.10","502.87K","-1.12%"
"06/01/2020","104.84","103.75","105.82","103.06","349.71K","1.88%"
"05/29/2020","102.91","104.50","106.06","102.60","993.61K","-3.42%"
"05/28/2020","106.55","112.18","112.25","105.71","658.47K","-3.13%"
"05/27/2020","109.99","105.91","110.16","103.70","712.22K","7.96%"
"05/26/2020","101.88","100.71","103.27","98.24","508.02K","6.06%"
"05/22/2020","96.06","98.32","99.93","95.18","291.63K","-1.93%"
"05/21/2020","97.95","99.54","100.86","97.81","359.30K","-1.60%"
"05/20/2020","99.54","96.13","100.29","95.88","435.45K","5.20%"
"05/19/2020","94.62","99.13","99.81","94.62","472.14K","-5.11%"
"05/18/2020","99.72","94.62","100.04","94.62","497.85K","10.64%"
"05/15/2020","90.13","90.08","90.89","88.48","264.16K","-0.97%"
"05/14/2020","91.01","85.95","92.28","83.78","447.21K","3.22%"
"05/13/2020","88.17","95.47","95.47","86.29","724.28K","-8.17%"
"05/12/2020","96.01","102.05","102.86","95.77","412.47K","-5.94%"
"05/11/2020","102.07","101.20","103.13","98.37","554.02K","-0.95%"
"05/08/2020","103.05","102.65","105.70","102.48","472.76K","2.84%"
"05/07/2020","100.20","102.52","106.16","99.85","912.47K","-1.75%"
"05/06/2020","101.98","109.88","109.88","100.17","648.65K","1.21%"
"05/05/2020","100.76","104.12","106.17","100.27","259.05K","-1.29%"
"05/04/2020","102.08","100.32","102.45","98.38","502.11K","0.56%"
"05/01/2020","101.51","104.00","104.00","99.88","561.22K","-5.29%"
"04/30/2020","107.18","107.02","108.75","105.18","649.41K","-3.04%"
"04/29/2020","110.54","107.90","113.53","107.90","683.49K","3.79%"
"04/28/2020","106.50","106.58","110.25","104.47","612.46K","4.50%"
"04/27/2020","101.91","95.52","102.27","94.81","625.33K","8.28%"
"04/24/2020","94.12","93.79","94.82","88.86","530.17K","3.98%"
"04/23/2020","90.52","89.00","93.61","87.00","645.81K","5.29%"
"04/22/2020","85.97","89.99","90.40","85.40","484.56K","-1.95%"
"04/21/2020","87.68","86.24","89.66","85.85","356.48K","-1.62%"
"04/20/2020","89.12","86.03","90.42","84.84","629.86K","0.37%"
"04/17/2020","88.79","85.81","89.67","85.00","454.72K","8.68%"
"04/16/2020","81.70","83.53","85.18","79.89","379.40K","-2.33%"
"04/15/2020","83.65","82.17","85.89","82.17","442.48K","-3.61%"
"04/14/2020","86.78","86.44","88.82","84.60","620.87K","1.89%"
"04/13/2020","85.17","89.98","89.98","83.26","385.44K","-5.61%"
"04/09/2020","90.23","85.07","91.17","83.66","1.13M","10.77%"
"04/08/2020","81.46","79.58","82.31","77.91","683.04K","3.61%"
"04/07/2020","78.62","81.24","83.79","77.79","765.04K","3.15%"
"04/06/2020","76.22","76.58","78.69","74.94","840.56K","5.85%"
"04/03/2020","72.01","73.55","74.08","68.98","522.43K","-2.43%"
"04/02/2020","73.80","72.24","76.24","70.40","521.36K","2.54%"
"04/01/2020","71.97","75.37","76.26","71.82","537.59K","-10.47%"
"03/31/2020","80.39","82.46","84.28","79.54","548.48K","-3.17%"
"03/30/2020","83.02","84.80","87.42","80.66","627.07K","-2.66%"
"03/27/2020","85.29","88.15","91.33","84.75","493.75K","-7.29%"
"03/26/2020","92.00","84.16","93.42","82.00","785.31K","10.54%"
"03/25/2020","83.23","80.89","85.47","76.69","554.47K","5.49%"
"03/24/2020","78.90","77.14","79.70","74.49","872.15K","7.96%"
"03/23/2020","73.08","80.37","80.37","69.49","741.43K","-9.39%"
"03/20/2020","80.65","92.76","94.46","80.04","715.36K","-12.96%"
"03/19/2020","92.66","78.02","92.67","74.37","784.40K","15.51%"
"03/18/2020","80.22","85.87","89.49","75.85","1.07M","-14.67%"
"03/17/2020","94.01","89.55","94.26","80.61","955.71K","6.96%"
"03/16/2020","87.89","84.00","92.64","84.00","833.16K","-10.48%"
"03/13/2020","98.18","97.44","98.84","94.20","764.16K","7.68%"
"03/12/2020","91.18","92.87","98.07","87.99","760.59K","-9.60%"
"03/11/2020","100.86","100.50","105.44","99.81","917.62K","-3.28%"
"03/10/2020","104.28","100.70","104.79","98.65","1.10M","5.91%"
"03/09/2020","98.46","109.00","109.00","97.88","1.12M","-15.12%"
"03/06/2020","116.00","119.48","121.91","114.30","893.49K","-6.47%"
"03/05/2020","124.03","126.30","127.46","122.60","554.05K","-3.85%"
"03/04/2020","129.00","129.87","129.89","126.50","501.46K","0.54%"
"03/03/2020","128.31","131.83","132.34","126.73","713.29K","-2.46%"
"03/02/2020","131.55","125.01","131.88","125.01","560.46K","5.16%"
"02/28/2020","125.10","127.85","130.39","123.01","909.90K","-4.87%"
"02/27/2020","131.51","134.18","136.24","131.22","430.24K","-3.56%"
"02/26/2020","136.37","139.05","139.59","135.57","376.54K","-1.20%"
"02/25/2020","138.02","143.82","143.82","137.52","374.85K","-3.86%"
"02/24/2020","143.56","141.62","144.57","141.50","316.19K","-1.25%"
"02/21/2020","145.37","145.82","145.96","144.15","319.69K","-0.75%"
"02/20/2020","146.47","145.46","146.71","144.64","276.98K","0.03%"
"02/19/2020","146.43","144.56","146.92","144.43","222.64K","1.45%"
"02/18/2020","144.33","143.72","145.13","143.39","298.15K","-0.02%"
"02/14/2020","144.36","144.76","145.22","144.15","184.70K","-0.03%"
"02/13/2020","144.40","143.71","144.82","143.42","196.16K","-0.35%"
"02/12/2020","144.90","144.44","145.64","143.05","305.62K","1.00%"
"02/11/2020","143.46","144.21","144.64","143.25","215.85K","-0.13%"
"02/10/2020","143.64","142.68","143.77","142.14","274.53K","0.52%"
"02/07/2020","142.90","143.29","144.99","142.66","261.16K","-0.61%"
"02/06/2020","143.77","147.89","147.89","143.57","354.78K","-2.07%"
"02/05/2020","146.81","146.08","147.33","145.90","483.93K","0.80%"
"02/04/2020","145.65","145.57","146.56","143.88","424.51K","1.41%"
"02/03/2020","143.62","142.63","144.24","142.23","427.47K","1.22%"
"01/31/2020","141.89","143.89","145.01","141.08","453.66K","-2.25%"
"01/30/2020","145.16","142.17","145.20","141.44","303.37K","1.32%"
"01/29/2020","143.27","144.80","145.75","143.05","531.03K","-2.04%"
"01/28/2020","146.26","145.39","147.20","144.72","365.21K","0.86%"
"01/27/2020","145.01","144.10","146.51","142.86","595.53K","-0.54%"
"01/24/2020","145.80","146.29","146.41","143.66","444.28K","-0.33%"
"01/23/2020","146.28","145.53","147.03","144.58","563.93K","0.19%"
"01/22/2020","146.00","148.38","148.38","145.31","776.31K","-1.02%"
"01/21/2020","147.50","140.00","148.64","139.20","1.08M","5.99%"
"01/17/2020","139.17","138.13","139.33","137.77","319.28K","0.67%"
"01/16/2020","138.25","136.98","138.66","136.98","350.86K","1.42%"
"01/15/2020","136.32","137.05","137.94","135.62","344.42K","-1.17%"
"01/14/2020","137.93","137.71","138.19","136.52","325.26K","0.21%"
"01/13/2020","137.64","137.90","137.90","136.79","440.50K","-0.06%"
"01/10/2020","137.72","137.87","138.05","136.68","386.44K","-0.17%"
"01/09/2020","137.95","136.56","138.23","135.77","425.00K","1.43%"
"01/08/2020","136.00","133.80","136.52","133.80","342.45K","1.64%"
"01/07/2020","133.80","135.13","135.13","133.50","187.64K","-0.97%"
"01/06/2020","135.11","134.50","135.65","134.13","358.38K","-0.58%"
"01/03/2020","135.90","135.91","136.54","135.09","257.42K","-0.67%"
"01/02/2020","136.81","136.93","137.74","135.31","342.84K","0.15%"